Year_Week,State,Fatals,Prediction
2022_14,Wyoming,2.0,0.0
2022_15,Wyoming,5.0,0.0
2022_16,Wyoming,1.0,0.0
2022_17,Wyoming,2.0,0.0
2022_18,Wyoming,4.0,0.0
2022_20,Wyoming,1.0,0.0
2022_21,Wyoming,3.0,0.0
2022_22,Wyoming,2.0,0.0
2022_23,Wyoming,4.0,0.0
2022_24,Wyoming,5.0,0.0
2022_25,Wyoming,3.0,0.0
2022_27,Wyoming,3.0,0.0
2022_28,Wyoming,4.0,0.0
2022_29,Wyoming,3.0,0.0
2022_30,Wyoming,1.0,0.0
2022_31,Wyoming,5.0,0.0
2022_32,Wyoming,10.0,0.0
2022_33,Wyoming,1.0,0.0
2022_34,Wyoming,6.0,0.0
2022_35,Wyoming,6.0,0.0
2022_37,Wyoming,3.0,0.0
2022_38,Wyoming,3.0,0.0
2022_39,Wyoming,3.0,0.0
2022_40,Wyoming,4.0,0.0
2022_41,Wyoming,4.0,0.0
2022_42,Wyoming,2.0,0.0
2022_43,Wyoming,3.0,0.0
2022_44,Wyoming,2.0,0.0
2022_45,Wyoming,4.0,0.0
2022_46,Wyoming,3.0,0.0
2022_48,Wyoming,3.0,0.0
2022_49,Wyoming,3.0,0.0
2022_50,Wyoming,2.0,0.0
2022_51,Wyoming,3.0,0.0
2022_52,Wyoming,1.0,0.0
2023_01,Wyoming,0.0,7.149537037037035
2023_02,Wyoming,0.0,6.431772486772487
2023_03,Wyoming,0.0,7.287328042328042
2023_04,Wyoming,0.0,6.910198412698413
2023_05,Wyoming,0.0,7.3902910052910045
2023_06,Wyoming,0.0,6.524074074074075
2023_07,Wyoming,0.0,6.554629629629629
2023_08,Wyoming,0.0,5.698677248677249
2022_08,Wisconsin,8.0,0.0
2022_09,Wisconsin,9.0,0.0
2022_10,Wisconsin,8.0,0.0
2022_11,Wisconsin,9.0,0.0
2022_12,Wisconsin,10.0,0.0
2022_13,Wisconsin,5.0,0.0
2022_14,Wisconsin,8.0,0.0
2022_15,Wisconsin,13.0,0.0
2022_16,Wisconsin,14.0,0.0
2022_17,Wisconsin,7.0,0.0
2022_18,Wisconsin,7.0,0.0
2022_19,Wisconsin,17.0,0.0
2022_20,Wisconsin,4.0,0.0
2022_21,Wisconsin,14.0,0.0
2022_22,Wisconsin,13.0,0.0
2022_23,Wisconsin,11.0,0.0
2022_24,Wisconsin,14.0,0.0
2022_25,Wisconsin,20.0,0.0
2022_26,Wisconsin,15.0,0.0
2022_27,Wisconsin,13.0,0.0
2022_28,Wisconsin,15.0,0.0
2022_29,Wisconsin,13.0,0.0
2022_30,Wisconsin,13.0,0.0
2022_31,Wisconsin,16.0,0.0
2022_32,Wisconsin,10.0,0.0
2022_33,Wisconsin,13.0,0.0
2022_34,Wisconsin,12.0,0.0
2022_35,Wisconsin,15.0,0.0
2022_36,Wisconsin,13.0,0.0
2022_37,Wisconsin,6.0,0.0
2022_38,Wisconsin,18.0,0.0
2022_39,Wisconsin,18.0,0.0
2022_40,Wisconsin,14.0,0.0
2022_41,Wisconsin,14.0,0.0
2022_42,Wisconsin,13.0,0.0
2022_43,Wisconsin,17.0,0.0
2022_44,Wisconsin,17.0,0.0
2022_45,Wisconsin,8.0,0.0
2022_46,Wisconsin,13.0,0.0
2022_47,Wisconsin,9.0,0.0
2022_48,Wisconsin,10.0,0.0
2022_49,Wisconsin,7.0,0.0
2022_50,Wisconsin,9.0,0.0
2022_51,Wisconsin,11.0,0.0
2022_52,Wisconsin,4.0,0.0
2023_01,Wisconsin,0.0,13.492724867724865
2023_02,Wisconsin,0.0,13.485740740740741
2023_03,Wisconsin,0.0,13.596613756613756
2023_04,Wisconsin,0.0,13.446613756613756
2023_05,Wisconsin,0.0,13.592169312169315
2023_06,Wisconsin,0.0,13.370939153439156
2023_07,Wisconsin,0.0,13.801574074074077
2023_08,Wisconsin,0.0,11.160899470899471
2022_09,West Virginia,4.0,0.0
2022_10,West Virginia,4.0,0.0
2022_11,West Virginia,7.0,0.0
2022_12,West Virginia,4.0,0.0
2022_13,West Virginia,6.0,0.0
2022_14,West Virginia,4.0,0.0
2022_15,West Virginia,3.0,0.0
2022_16,West Virginia,9.0,0.0
2022_17,West Virginia,2.0,0.0
2022_18,West Virginia,6.0,0.0
2022_19,West Virginia,7.0,0.0
2022_20,West Virginia,5.0,0.0
2022_21,West Virginia,3.0,0.0
2022_22,West Virginia,8.0,0.0
2022_23,West Virginia,2.0,0.0
2022_24,West Virginia,5.0,0.0
2022_25,West Virginia,9.0,0.0
2022_26,West Virginia,6.0,0.0
2022_27,West Virginia,1.0,0.0
2022_28,West Virginia,11.0,0.0
2022_29,West Virginia,7.0,0.0
2022_30,West Virginia,6.0,0.0
2022_31,West Virginia,4.0,0.0
2022_32,West Virginia,7.0,0.0
2022_33,West Virginia,8.0,0.0
2022_34,West Virginia,5.0,0.0
2022_35,West Virginia,4.0,0.0
2022_36,West Virginia,5.0,0.0
2022_37,West Virginia,3.0,0.0
2022_38,West Virginia,1.0,0.0
2022_39,West Virginia,4.0,0.0
2022_40,West Virginia,6.0,0.0
2022_41,West Virginia,7.0,0.0
2022_42,West Virginia,4.0,0.0
2022_43,West Virginia,5.0,0.0
2022_44,West Virginia,4.0,0.0
2022_45,West Virginia,5.0,0.0
2022_46,West Virginia,3.0,0.0
2022_47,West Virginia,11.0,0.0
2022_48,West Virginia,5.0,0.0
2022_49,West Virginia,7.0,0.0
2022_50,West Virginia,3.0,0.0
2022_51,West Virginia,5.0,0.0
2022_52,West Virginia,9.0,0.0
2023_01,West Virginia,0.0,7.537475949975951
2023_02,West Virginia,0.0,6.8853066378066385
2023_03,West Virginia,0.0,7.873071188071188
2023_04,West Virginia,0.0,7.061137566137566
2023_05,West Virginia,0.0,7.460952380952381
2023_06,West Virginia,0.0,7.6579389129389135
2023_07,West Virginia,0.0,8.173544973544974
2023_08,West Virginia,0.0,7.36058201058201
2022_08,Washington,13.0,0.0
2022_09,Washington,14.0,0.0
2022_10,Washington,12.0,0.0
2022_11,Washington,11.0,0.0
2022_12,Washington,14.0,0.0
2022_13,Washington,14.0,0.0
2022_14,Washington,17.0,0.0
2022_15,Washington,10.0,0.0
2022_16,Washington,14.0,0.0
2022_17,Washington,6.0,0.0
2022_18,Washington,18.0,0.0
2022_19,Washington,14.0,0.0
2022_20,Washington,17.0,0.0
2022_21,Washington,17.0,0.0
2022_22,Washington,11.0,0.0
2022_23,Washington,17.0,0.0
2022_24,Washington,13.0,0.0
2022_25,Washington,14.0,0.0
2022_26,Washington,15.0,0.0
2022_27,Washington,19.0,0.0
2022_28,Washington,19.0,0.0
2022_29,Washington,13.0,0.0
2022_30,Washington,9.0,0.0
2022_31,Washington,23.0,0.0
2022_32,Washington,20.0,0.0
2022_33,Washington,16.0,0.0
2022_34,Washington,25.0,0.0
2022_35,Washington,22.0,0.0
2022_36,Washington,17.0,0.0
2022_37,Washington,16.0,0.0
2022_38,Washington,17.0,0.0
2022_39,Washington,20.0,0.0
2022_40,Washington,13.0,0.0
2022_41,Washington,18.0,0.0
2022_42,Washington,11.0,0.0
2022_43,Washington,9.0,0.0
2022_44,Washington,14.0,0.0
2022_45,Washington,11.0,0.0
2022_46,Washington,11.0,0.0
2022_47,Washington,13.0,0.0
2022_48,Washington,12.0,0.0
2022_49,Washington,11.0,0.0
2022_50,Washington,9.0,0.0
2022_51,Washington,6.0,0.0
2022_52,Washington,7.0,0.0
2023_01,Washington,0.0,13.79202380952381
2023_02,Washington,0.0,16.323703703703707
2023_03,Washington,0.0,17.056838624338624
2023_04,Washington,0.0,12.698505291005292
2023_05,Washington,0.0,15.545727513227513
2023_06,Washington,0.0,15.07489417989418
2023_07,Washington,0.0,17.422116402116405
2023_08,Washington,0.0,17.94582010582011
2022_08,Virginia,23.0,0.0
2022_09,Virginia,17.0,0.0
2022_10,Virginia,15.0,0.0
2022_11,Virginia,11.0,0.0
2022_12,Virginia,13.0,0.0
2022_13,Virginia,15.0,0.0
2022_14,Virginia,17.0,0.0
2022_15,Virginia,11.0,0.0
2022_16,Virginia,17.0,0.0
2022_17,Virginia,16.0,0.0
2022_18,Virginia,16.0,0.0
2022_19,Virginia,20.0,0.0
2022_20,Virginia,23.0,0.0
2022_21,Virginia,21.0,0.0
2022_22,Virginia,16.0,0.0
2022_23,Virginia,28.0,0.0
2022_24,Virginia,24.0,0.0
2022_25,Virginia,19.0,0.0
2022_26,Virginia,18.0,0.0
2022_27,Virginia,19.0,0.0
2022_28,Virginia,20.0,0.0
2022_29,Virginia,19.0,0.0
2022_30,Virginia,21.0,0.0
2022_31,Virginia,18.0,0.0
2022_32,Virginia,22.0,0.0
2022_33,Virginia,16.0,0.0
2022_34,Virginia,26.0,0.0
2022_35,Virginia,18.0,0.0
2022_36,Virginia,28.0,0.0
2022_37,Virginia,24.0,0.0
2022_38,Virginia,21.0,0.0
2022_39,Virginia,25.0,0.0
2022_40,Virginia,29.0,0.0
2022_41,Virginia,28.0,0.0
2022_42,Virginia,19.0,0.0
2022_43,Virginia,24.0,0.0
2022_44,Virginia,22.0,0.0
2022_45,Virginia,16.0,0.0
2022_46,Virginia,17.0,0.0
2022_47,Virginia,28.0,0.0
2022_48,Virginia,20.0,0.0
2022_49,Virginia,11.0,0.0
2022_50,Virginia,11.0,0.0
2022_51,Virginia,18.0,0.0
2022_52,Virginia,15.0,0.0
2023_01,Virginia,0.0,19.521203703703705
2023_02,Virginia,0.0,18.180648148148148
2023_03,Virginia,0.0,19.249986772486775
2023_04,Virginia,0.0,21.076296296296302
2023_05,Virginia,0.0,20.216005291005292
2023_06,Virginia,0.0,19.49230158730159
2023_07,Virginia,0.0,21.44481481481482
2023_08,Virginia,0.0,20.446851851851854
2022_10,Vermont,1.0,0.0
2022_11,Vermont,1.0,0.0
2022_12,Vermont,1.0,0.0
2022_14,Vermont,1.0,0.0
2022_15,Vermont,1.0,0.0
2022_16,Vermont,2.0,0.0
2022_17,Vermont,3.0,0.0
2022_18,Vermont,3.0,0.0
2022_20,Vermont,1.0,0.0
2022_21,Vermont,3.0,0.0
2022_23,Vermont,4.0,0.0
2022_24,Vermont,3.0,0.0
2022_25,Vermont,1.0,0.0
2022_26,Vermont,2.0,0.0
2022_28,Vermont,2.0,0.0
2022_29,Vermont,2.0,0.0
2022_30,Vermont,1.0,0.0
2022_32,Vermont,2.0,0.0
2022_33,Vermont,4.0,0.0
2022_34,Vermont,4.0,0.0
2022_35,Vermont,2.0,0.0
2022_36,Vermont,1.0,0.0
2022_38,Vermont,4.0,0.0
2022_40,Vermont,2.0,0.0
2022_41,Vermont,2.0,0.0
2022_43,Vermont,2.0,0.0
2022_44,Vermont,1.0,0.0
2022_46,Vermont,1.0,0.0
2022_47,Vermont,1.0,0.0
2022_48,Vermont,1.0,0.0
2022_49,Vermont,1.0,0.0
2022_50,Vermont,2.0,0.0
2022_51,Vermont,0.0,6.382962962962963
2022_52,Vermont,0.0,6.10111111111111
2023_01,Vermont,0.0,6.22462962962963
2023_02,Vermont,0.0,6.361785714285714
2023_03,Vermont,0.0,6.613082010582009
2023_04,Vermont,0.0,5.995304232804233
2023_05,Vermont,0.0,5.47595238095238
2023_06,Vermont,0.0,5.556190476190477
2022_13,Utah,10.0,0.0
2022_14,Utah,8.0,0.0
2022_16,Utah,5.0,0.0
2022_17,Utah,7.0,0.0
2022_18,Utah,9.0,0.0
2022_19,Utah,6.0,0.0
2022_22,Utah,9.0,0.0
2022_24,Utah,7.0,0.0
2022_25,Utah,6.0,0.0
2022_26,Utah,5.0,0.0
2022_27,Utah,12.0,0.0
2022_28,Utah,10.0,0.0
2022_29,Utah,7.0,0.0
2022_31,Utah,10.0,0.0
2022_32,Utah,8.0,0.0
2022_34,Utah,5.0,0.0
2022_35,Utah,4.0,0.0
2022_36,Utah,3.0,0.0
2022_37,Utah,6.0,0.0
2022_38,Utah,7.0,0.0
2022_39,Utah,11.0,0.0
2022_40,Utah,7.0,0.0
2022_41,Utah,9.0,0.0
2022_43,Utah,5.0,0.0
2022_44,Utah,7.0,0.0
2022_45,Utah,5.0,0.0
2022_46,Utah,5.0,0.0
2022_47,Utah,2.0,0.0
2022_48,Utah,6.0,0.0
2022_49,Utah,4.0,0.0
2022_50,Utah,4.0,0.0
2022_51,Utah,3.0,0.0
2022_52,Utah,6.0,0.0
2023_01,Utah,0.0,6.136944444444444
2023_02,Utah,0.0,6.222380952380953
2023_03,Utah,0.0,6.9622222222222225
2023_04,Utah,0.0,5.732777777777778
2023_05,Utah,0.0,7.045740740740741
2023_06,Utah,0.0,7.032037037037037
2023_07,Utah,0.0,7.483518518518519
2023_08,Utah,0.0,6.545000000000001
2022_08,Texas,75.0,0.0
2022_09,Texas,79.0,0.0
2022_10,Texas,65.0,0.0
2022_11,Texas,89.0,0.0
2022_12,Texas,86.0,0.0
2022_13,Texas,78.0,0.0
2022_14,Texas,79.0,0.0
2022_15,Texas,69.0,0.0
2022_16,Texas,74.0,0.0
2022_17,Texas,78.0,0.0
2022_18,Texas,78.0,0.0
2022_19,Texas,83.0,0.0
2022_20,Texas,86.0,0.0
2022_21,Texas,81.0,0.0
2022_22,Texas,98.0,0.0
2022_23,Texas,78.0,0.0
2022_24,Texas,87.0,0.0
2022_25,Texas,78.0,0.0
2022_26,Texas,75.0,0.0
2022_27,Texas,82.0,0.0
2022_28,Texas,78.0,0.0
2022_29,Texas,88.0,0.0
2022_30,Texas,77.0,0.0
2022_31,Texas,83.0,0.0
2022_32,Texas,93.0,0.0
2022_33,Texas,61.0,0.0
2022_34,Texas,94.0,0.0
2022_35,Texas,99.0,0.0
2022_36,Texas,92.0,0.0
2022_37,Texas,87.0,0.0
2022_38,Texas,107.0,0.0
2022_39,Texas,102.0,0.0
2022_40,Texas,87.0,0.0
2022_41,Texas,102.0,0.0
2022_42,Texas,86.0,0.0
2022_43,Texas,70.0,0.0
2022_44,Texas,82.0,0.0
2022_45,Texas,94.0,0.0
2022_46,Texas,81.0,0.0
2022_47,Texas,76.0,0.0
2022_48,Texas,76.0,0.0
2022_49,Texas,128.0,0.0
2022_50,Texas,112.0,0.0
2022_51,Texas,71.0,0.0
2022_52,Texas,63.0,0.0
2023_01,Texas,0.0,74.02099206349206
2023_02,Texas,0.0,69.58765873015871
2023_03,Texas,0.0,72.28936507936508
2023_04,Texas,0.0,75.70626984126986
2023_05,Texas,0.0,74.7864466089466
2023_06,Texas,0.0,73.84928571428571
2023_07,Texas,0.0,75.14710317460317
2023_08,Texas,0.0,75.13210317460317
2022_08,Tennessee,20.0,0.0
2022_09,Tennessee,22.0,0.0
2022_10,Tennessee,20.0,0.0
2022_11,Tennessee,29.0,0.0
2022_12,Tennessee,17.0,0.0
2022_13,Tennessee,23.0,0.0
2022_14,Tennessee,27.0,0.0
2022_15,Tennessee,19.0,0.0
2022_16,Tennessee,33.0,0.0
2022_17,Tennessee,26.0,0.0
2022_18,Tennessee,16.0,0.0
2022_19,Tennessee,40.0,0.0
2022_20,Tennessee,27.0,0.0
2022_21,Tennessee,20.0,0.0
2022_22,Tennessee,27.0,0.0
2022_23,Tennessee,22.0,0.0
2022_24,Tennessee,31.0,0.0
2022_25,Tennessee,21.0,0.0
2022_26,Tennessee,30.0,0.0
2022_27,Tennessee,31.0,0.0
2022_28,Tennessee,24.0,0.0
2022_29,Tennessee,31.0,0.0
2022_30,Tennessee,22.0,0.0
2022_31,Tennessee,30.0,0.0
2022_32,Tennessee,25.0,0.0
2022_33,Tennessee,24.0,0.0
2022_34,Tennessee,30.0,0.0
2022_35,Tennessee,27.0,0.0
2022_36,Tennessee,28.0,0.0
2022_37,Tennessee,39.0,0.0
2022_38,Tennessee,33.0,0.0
2022_39,Tennessee,37.0,0.0
2022_40,Tennessee,35.0,0.0
2022_41,Tennessee,31.0,0.0
2022_42,Tennessee,16.0,0.0
2022_43,Tennessee,19.0,0.0
2022_44,Tennessee,24.0,0.0
2022_45,Tennessee,26.0,0.0
2022_46,Tennessee,22.0,0.0
2022_47,Tennessee,24.0,0.0
2022_48,Tennessee,18.0,0.0
2022_49,Tennessee,24.0,0.0
2022_50,Tennessee,22.0,0.0
2022_51,Tennessee,22.0,0.0
2022_52,Tennessee,29.0,0.0
2023_01,Tennessee,0.0,22.21531746031746
2023_02,Tennessee,0.0,24.404722222222222
2023_03,Tennessee,0.0,25.561746031746033
2023_04,Tennessee,0.0,23.661428571428576
2023_05,Tennessee,0.0,23.956269841269844
2023_06,Tennessee,0.0,25.86238095238095
2023_07,Tennessee,0.0,26.555
2023_08,Tennessee,0.0,23.688769841269842
2022_11,South Dakota,4.0,0.0
2022_13,South Dakota,3.0,0.0
2022_14,South Dakota,2.0,0.0
2022_15,South Dakota,3.0,0.0
2022_16,South Dakota,1.0,0.0
2022_17,South Dakota,1.0,0.0
2022_18,South Dakota,1.0,0.0
2022_19,South Dakota,4.0,0.0
2022_20,South Dakota,2.0,0.0
2022_21,South Dakota,2.0,0.0
2022_22,South Dakota,1.0,0.0
2022_23,South Dakota,3.0,0.0
2022_25,South Dakota,1.0,0.0
2022_26,South Dakota,6.0,0.0
2022_27,South Dakota,4.0,0.0
2022_28,South Dakota,2.0,0.0
2022_29,South Dakota,2.0,0.0
2022_30,South Dakota,1.0,0.0
2022_31,South Dakota,7.0,0.0
2022_32,South Dakota,3.0,0.0
2022_33,South Dakota,2.0,0.0
2022_34,South Dakota,4.0,0.0
2022_35,South Dakota,3.0,0.0
2022_36,South Dakota,6.0,0.0
2022_37,South Dakota,3.0,0.0
2022_38,South Dakota,3.0,0.0
2022_41,South Dakota,2.0,0.0
2022_42,South Dakota,10.0,0.0
2022_43,South Dakota,6.0,0.0
2022_44,South Dakota,1.0,0.0
2022_45,South Dakota,4.0,0.0
2022_46,South Dakota,5.0,0.0
2022_47,South Dakota,5.0,0.0
2022_48,South Dakota,2.0,0.0
2022_49,South Dakota,3.0,0.0
2022_50,South Dakota,4.0,0.0
2022_52,South Dakota,2.0,0.0
2023_01,South Dakota,0.0,10.348809523809523
2023_02,South Dakota,0.0,8.892142857142856
2023_03,South Dakota,0.0,8.254246031746032
2023_04,South Dakota,0.0,8.375542328042327
2023_05,South Dakota,0.0,9.38202380952381
2023_06,South Dakota,0.0,10.050145502645503
2023_07,South Dakota,0.0,8.337645502645502
2023_08,South Dakota,0.0,8.039126984126984
2022_08,South Carolina,22.0,0.0
2022_09,South Carolina,24.0,0.0
2022_10,South Carolina,20.0,0.0
2022_11,South Carolina,16.0,0.0
2022_12,South Carolina,25.0,0.0
2022_13,South Carolina,14.0,0.0
2022_14,South Carolina,21.0,0.0
2022_15,South Carolina,12.0,0.0
2022_16,South Carolina,23.0,0.0
2022_17,South Carolina,20.0,0.0
2022_18,South Carolina,19.0,0.0
2022_19,South Carolina,14.0,0.0
2022_20,South Carolina,27.0,0.0
2022_21,South Carolina,28.0,0.0
2022_22,South Carolina,19.0,0.0
2022_23,South Carolina,25.0,0.0
2022_24,South Carolina,25.0,0.0
2022_25,South Carolina,17.0,0.0
2022_26,South Carolina,23.0,0.0
2022_27,South Carolina,31.0,0.0
2022_28,South Carolina,10.0,0.0
2022_29,South Carolina,29.0,0.0
2022_30,South Carolina,23.0,0.0
2022_31,South Carolina,16.0,0.0
2022_32,South Carolina,21.0,0.0
2022_33,South Carolina,22.0,0.0
2022_34,South Carolina,17.0,0.0
2022_35,South Carolina,19.0,0.0
2022_36,South Carolina,21.0,0.0
2022_37,South Carolina,28.0,0.0
2022_38,South Carolina,22.0,0.0
2022_39,South Carolina,21.0,0.0
2022_40,South Carolina,29.0,0.0
2022_41,South Carolina,28.0,0.0
2022_42,South Carolina,13.0,0.0
2022_43,South Carolina,29.0,0.0
2022_44,South Carolina,29.0,0.0
2022_45,South Carolina,24.0,0.0
2022_46,South Carolina,20.0,0.0
2022_47,South Carolina,18.0,0.0
2022_48,South Carolina,14.0,0.0
2022_49,South Carolina,21.0,0.0
2022_50,South Carolina,21.0,0.0
2022_51,South Carolina,11.0,0.0
2022_52,South Carolina,26.0,0.0
2023_01,South Carolina,0.0,20.91065897065897
2023_02,South Carolina,0.0,19.791836219336222
2023_03,South Carolina,0.0,17.52852934102934
2023_04,South Carolina,0.0,19.330857383357387
2023_05,South Carolina,0.0,19.164190716690715
2023_06,South Carolina,0.0,17.864190716690715
2023_07,South Carolina,0.0,16.26815897065897
2023_08,South Carolina,0.0,17.00776214526214
2022_26,Rhode Island,2.0,0.0
2022_27,Rhode Island,2.0,0.0
2022_28,Rhode Island,3.0,0.0
2022_29,Rhode Island,2.0,0.0
2022_30,Rhode Island,2.0,0.0
2022_31,Rhode Island,2.0,0.0
2022_32,Rhode Island,1.0,0.0
2022_33,Rhode Island,3.0,0.0
2022_34,Rhode Island,1.0,0.0
2022_35,Rhode Island,1.0,0.0
2022_36,Rhode Island,2.0,0.0
2022_37,Rhode Island,2.0,0.0
2022_38,Rhode Island,1.0,0.0
2022_39,Rhode Island,1.0,0.0
2022_40,Rhode Island,1.0,0.0
2022_41,Rhode Island,1.0,0.0
2022_43,Rhode Island,2.0,0.0
2022_44,Rhode Island,1.0,0.0
2022_45,Rhode Island,2.0,0.0
2022_48,Rhode Island,1.0,0.0
2022_49,Rhode Island,1.0,0.0
2022_50,Rhode Island,1.0,0.0
2022_51,Rhode Island,1.0,0.0
2022_52,Rhode Island,3.0,0.0
2023_01,Rhode Island,0.0,3.330026455026455
2023_02,Rhode Island,0.0,6.039470899470901
2023_03,Rhode Island,0.0,6.882116402116403
2023_04,Rhode Island,0.0,6.860052910052911
2023_05,Rhode Island,0.0,7.22994708994709
2023_06,Rhode Island,0.0,6.960026455026455
2023_07,Rhode Island,0.0,7.987407407407408
2023_08,Rhode Island,0.0,6.339775132275133
2022_08,Pennsylvania,23.0,0.0
2022_09,Pennsylvania,19.0,0.0
2022_10,Pennsylvania,12.0,0.0
2022_11,Pennsylvania,21.0,0.0
2022_12,Pennsylvania,20.0,0.0
2022_13,Pennsylvania,22.0,0.0
2022_14,Pennsylvania,21.0,0.0
2022_15,Pennsylvania,18.0,0.0
2022_16,Pennsylvania,23.0,0.0
2022_17,Pennsylvania,19.0,0.0
2022_18,Pennsylvania,21.0,0.0
2022_19,Pennsylvania,23.0,0.0
2022_20,Pennsylvania,27.0,0.0
2022_21,Pennsylvania,24.0,0.0
2022_22,Pennsylvania,12.0,0.0
2022_23,Pennsylvania,31.0,0.0
2022_24,Pennsylvania,32.0,0.0
2022_25,Pennsylvania,22.0,0.0
2022_26,Pennsylvania,26.0,0.0
2022_27,Pennsylvania,26.0,0.0
2022_28,Pennsylvania,18.0,0.0
2022_29,Pennsylvania,29.0,0.0
2022_30,Pennsylvania,29.0,0.0
2022_31,Pennsylvania,24.0,0.0
2022_32,Pennsylvania,34.0,0.0
2022_33,Pennsylvania,30.0,0.0
2022_34,Pennsylvania,29.0,0.0
2022_35,Pennsylvania,27.0,0.0
2022_36,Pennsylvania,25.0,0.0
2022_37,Pennsylvania,22.0,0.0
2022_38,Pennsylvania,20.0,0.0
2022_39,Pennsylvania,23.0,0.0
2022_40,Pennsylvania,22.0,0.0
2022_41,Pennsylvania,19.0,0.0
2022_42,Pennsylvania,25.0,0.0
2022_43,Pennsylvania,28.0,0.0
2022_44,Pennsylvania,35.0,0.0
2022_45,Pennsylvania,30.0,0.0
2022_46,Pennsylvania,19.0,0.0
2022_47,Pennsylvania,15.0,0.0
2022_48,Pennsylvania,28.0,0.0
2022_49,Pennsylvania,18.0,0.0
2022_50,Pennsylvania,12.0,0.0
2022_51,Pennsylvania,35.0,0.0
2022_52,Pennsylvania,15.0,0.0
2023_01,Pennsylvania,0.0,21.159700577200574
2023_02,Pennsylvania,0.0,19.254285714285718
2023_03,Pennsylvania,0.0,20.184978354978355
2023_04,Pennsylvania,0.0,19.359259259259257
2023_05,Pennsylvania,0.0,19.921759259259257
2023_06,Pennsylvania,0.0,18.84898148148148
2023_07,Pennsylvania,0.0,21.592592592592595
2023_08,Pennsylvania,0.0,19.035092592592594
2022_08,Oregon,9.0,0.0
2022_09,Oregon,8.0,0.0
2022_10,Oregon,8.0,0.0
2022_11,Oregon,9.0,0.0
2022_12,Oregon,17.0,0.0
2022_13,Oregon,8.0,0.0
2022_14,Oregon,11.0,0.0
2022_15,Oregon,5.0,0.0
2022_16,Oregon,9.0,0.0
2022_17,Oregon,9.0,0.0
2022_18,Oregon,9.0,0.0
2022_19,Oregon,12.0,0.0
2022_20,Oregon,11.0,0.0
2022_21,Oregon,8.0,0.0
2022_22,Oregon,8.0,0.0
2022_23,Oregon,4.0,0.0
2022_24,Oregon,12.0,0.0
2022_25,Oregon,10.0,0.0
2022_26,Oregon,13.0,0.0
2022_27,Oregon,8.0,0.0
2022_28,Oregon,17.0,0.0
2022_29,Oregon,10.0,0.0
2022_30,Oregon,12.0,0.0
2022_31,Oregon,13.0,0.0
2022_32,Oregon,14.0,0.0
2022_33,Oregon,21.0,0.0
2022_34,Oregon,15.0,0.0
2022_35,Oregon,10.0,0.0
2022_36,Oregon,10.0,0.0
2022_37,Oregon,17.0,0.0
2022_38,Oregon,13.0,0.0
2022_39,Oregon,20.0,0.0
2022_40,Oregon,18.0,0.0
2022_41,Oregon,14.0,0.0
2022_42,Oregon,17.0,0.0
2022_43,Oregon,11.0,0.0
2022_44,Oregon,10.0,0.0
2022_45,Oregon,11.0,0.0
2022_46,Oregon,11.0,0.0
2022_47,Oregon,7.0,0.0
2022_48,Oregon,12.0,0.0
2022_49,Oregon,8.0,0.0
2022_50,Oregon,15.0,0.0
2022_51,Oregon,15.0,0.0
2022_52,Oregon,15.0,0.0
2023_01,Oregon,0.0,13.876224146224144
2023_02,Oregon,0.0,11.286594516594514
2023_03,Oregon,0.0,12.219372294372295
2023_04,Oregon,0.0,11.933446368446367
2023_05,Oregon,0.0,11.946779701779702
2023_06,Oregon,0.0,12.753888888888888
2023_07,Oregon,0.0,13.12521164021164
2023_08,Oregon,0.0,12.322335257335254
2022_08,Oklahoma,7.0,0.0
2022_09,Oklahoma,9.0,0.0
2022_10,Oklahoma,8.0,0.0
2022_11,Oklahoma,15.0,0.0
2022_12,Oklahoma,16.0,0.0
2022_13,Oklahoma,10.0,0.0
2022_14,Oklahoma,9.0,0.0
2022_15,Oklahoma,4.0,0.0
2022_16,Oklahoma,12.0,0.0
2022_17,Oklahoma,24.0,0.0
2022_18,Oklahoma,13.0,0.0
2022_19,Oklahoma,19.0,0.0
2022_20,Oklahoma,13.0,0.0
2022_21,Oklahoma,13.0,0.0
2022_22,Oklahoma,15.0,0.0
2022_23,Oklahoma,13.0,0.0
2022_24,Oklahoma,15.0,0.0
2022_25,Oklahoma,13.0,0.0
2022_26,Oklahoma,15.0,0.0
2022_27,Oklahoma,12.0,0.0
2022_28,Oklahoma,15.0,0.0
2022_29,Oklahoma,14.0,0.0
2022_30,Oklahoma,14.0,0.0
2022_31,Oklahoma,15.0,0.0
2022_32,Oklahoma,15.0,0.0
2022_33,Oklahoma,15.0,0.0
2022_34,Oklahoma,12.0,0.0
2022_35,Oklahoma,17.0,0.0
2022_36,Oklahoma,22.0,0.0
2022_37,Oklahoma,20.0,0.0
2022_38,Oklahoma,19.0,0.0
2022_39,Oklahoma,27.0,0.0
2022_40,Oklahoma,17.0,0.0
2022_41,Oklahoma,19.0,0.0
2022_42,Oklahoma,12.0,0.0
2022_43,Oklahoma,8.0,0.0
2022_44,Oklahoma,8.0,0.0
2022_45,Oklahoma,9.0,0.0
2022_46,Oklahoma,15.0,0.0
2022_47,Oklahoma,16.0,0.0
2022_48,Oklahoma,17.0,0.0
2022_49,Oklahoma,8.0,0.0
2022_50,Oklahoma,14.0,0.0
2022_51,Oklahoma,12.0,0.0
2022_52,Oklahoma,7.0,0.0
2023_01,Oklahoma,0.0,20.169722222222223
2023_02,Oklahoma,0.0,20.619735449735444
2023_03,Oklahoma,0.0,18.86604497354497
2023_04,Oklahoma,0.0,20.0971164021164
2023_05,Oklahoma,0.0,22.58338624338624
2023_06,Oklahoma,0.0,21.477830687830686
2023_07,Oklahoma,0.0,23.65997354497354
2023_08,Oklahoma,0.0,22.77941798941799
2022_08,Ohio,18.0,0.0
2022_09,Ohio,21.0,0.0
2022_10,Ohio,25.0,0.0
2022_11,Ohio,27.0,0.0
2022_12,Ohio,16.0,0.0
2022_13,Ohio,14.0,0.0
2022_14,Ohio,22.0,0.0
2022_15,Ohio,29.0,0.0
2022_16,Ohio,34.0,0.0
2022_17,Ohio,28.0,0.0
2022_18,Ohio,28.0,0.0
2022_19,Ohio,33.0,0.0
2022_20,Ohio,21.0,0.0
2022_21,Ohio,18.0,0.0
2022_22,Ohio,34.0,0.0
2022_23,Ohio,19.0,0.0
2022_24,Ohio,19.0,0.0
2022_25,Ohio,24.0,0.0
2022_26,Ohio,33.0,0.0
2022_27,Ohio,23.0,0.0
2022_28,Ohio,37.0,0.0
2022_29,Ohio,36.0,0.0
2022_30,Ohio,21.0,0.0
2022_31,Ohio,35.0,0.0
2022_32,Ohio,29.0,0.0
2022_33,Ohio,30.0,0.0
2022_34,Ohio,35.0,0.0
2022_35,Ohio,18.0,0.0
2022_36,Ohio,38.0,0.0
2022_37,Ohio,21.0,0.0
2022_38,Ohio,26.0,0.0
2022_39,Ohio,34.0,0.0
2022_40,Ohio,29.0,0.0
2022_41,Ohio,28.0,0.0
2022_42,Ohio,17.0,0.0
2022_43,Ohio,25.0,0.0
2022_44,Ohio,30.0,0.0
2022_45,Ohio,31.0,0.0
2022_46,Ohio,18.0,0.0
2022_47,Ohio,27.0,0.0
2022_48,Ohio,22.0,0.0
2022_49,Ohio,23.0,0.0
2022_50,Ohio,25.0,0.0
2022_51,Ohio,25.0,0.0
2022_52,Ohio,12.0,0.0
2023_01,Ohio,0.0,20.537549302549298
2023_02,Ohio,0.0,20.79143819143819
2023_03,Ohio,0.0,21.56366041366041
2023_04,Ohio,0.0,21.1025493025493
2023_05,Ohio,0.0,21.22223184223184
2023_06,Ohio,0.0,22.913501683501682
2023_07,Ohio,0.0,23.067469937469934
2023_08,Ohio,0.0,22.904771524771526
2022_10,North Dakota,2.0,0.0
2022_14,North Dakota,1.0,0.0
2022_16,North Dakota,3.0,0.0
2022_20,North Dakota,1.0,0.0
2022_21,North Dakota,5.0,0.0
2022_22,North Dakota,3.0,0.0
2022_23,North Dakota,3.0,0.0
2022_24,North Dakota,2.0,0.0
2022_25,North Dakota,3.0,0.0
2022_26,North Dakota,4.0,0.0
2022_27,North Dakota,1.0,0.0
2022_28,North Dakota,4.0,0.0
2022_29,North Dakota,2.0,0.0
2022_30,North Dakota,4.0,0.0
2022_31,North Dakota,1.0,0.0
2022_32,North Dakota,2.0,0.0
2022_33,North Dakota,2.0,0.0
2022_34,North Dakota,7.0,0.0
2022_35,North Dakota,3.0,0.0
2022_36,North Dakota,2.0,0.0
2022_37,North Dakota,4.0,0.0
2022_38,North Dakota,2.0,0.0
2022_39,North Dakota,2.0,0.0
2022_40,North Dakota,2.0,0.0
2022_41,North Dakota,6.0,0.0
2022_42,North Dakota,4.0,0.0
2022_43,North Dakota,3.0,0.0
2022_44,North Dakota,1.0,0.0
2022_45,North Dakota,3.0,0.0
2022_46,North Dakota,1.0,0.0
2022_49,North Dakota,1.0,0.0
2022_52,North Dakota,1.0,0.0
2023_01,North Dakota,0.0,4.5224074074074085
2023_02,North Dakota,0.0,6.076296296296297
2023_03,North Dakota,0.0,6.320264550264551
2023_04,North Dakota,0.0,5.92388888888889
2023_05,North Dakota,0.0,6.620820105820107
2023_06,North Dakota,0.0,6.243333333333335
2023_07,North Dakota,0.0,6.083968253968254
2023_08,North Dakota,0.0,5.5911904761904765
2022_08,North Carolina,22.0,0.0
2022_09,North Carolina,25.0,0.0
2022_10,North Carolina,32.0,0.0
2022_11,North Carolina,29.0,0.0
2022_12,North Carolina,23.0,0.0
2022_13,North Carolina,21.0,0.0
2022_14,North Carolina,26.0,0.0
2022_15,North Carolina,16.0,0.0
2022_16,North Carolina,35.0,0.0
2022_17,North Carolina,22.0,0.0
2022_18,North Carolina,39.0,0.0
2022_19,North Carolina,23.0,0.0
2022_20,North Carolina,41.0,0.0
2022_21,North Carolina,32.0,0.0
2022_22,North Carolina,32.0,0.0
2022_23,North Carolina,25.0,0.0
2022_24,North Carolina,33.0,0.0
2022_25,North Carolina,41.0,0.0
2022_26,North Carolina,24.0,0.0
2022_27,North Carolina,38.0,0.0
2022_28,North Carolina,23.0,0.0
2022_29,North Carolina,34.0,0.0
2022_30,North Carolina,35.0,0.0
2022_31,North Carolina,29.0,0.0
2022_32,North Carolina,42.0,0.0
2022_33,North Carolina,25.0,0.0
2022_34,North Carolina,25.0,0.0
2022_35,North Carolina,40.0,0.0
2022_36,North Carolina,29.0,0.0
2022_37,North Carolina,34.0,0.0
2022_38,North Carolina,35.0,0.0
2022_39,North Carolina,35.0,0.0
2022_40,North Carolina,35.0,0.0
2022_41,North Carolina,31.0,0.0
2022_42,North Carolina,29.0,0.0
2022_43,North Carolina,38.0,0.0
2022_44,North Carolina,27.0,0.0
2022_45,North Carolina,45.0,0.0
2022_46,North Carolina,27.0,0.0
2022_47,North Carolina,38.0,0.0
2022_48,North Carolina,33.0,0.0
2022_49,North Carolina,38.0,0.0
2022_50,North Carolina,29.0,0.0
2022_51,North Carolina,35.0,0.0
2022_52,North Carolina,27.0,0.0
2023_01,North Carolina,0.0,29.745525030525027
2023_02,North Carolina,0.0,30.186428571428568
2023_03,North Carolina,0.0,26.052539682539678
2023_04,North Carolina,0.0,28.38809523809523
2023_05,North Carolina,0.0,27.77535714285714
2023_06,North Carolina,0.0,27.128412698412696
2023_07,North Carolina,0.0,28.876428571428566
2023_08,North Carolina,0.0,28.45952380952381
2022_08,New York,26.0,0.0
2022_09,New York,20.0,0.0
2022_10,New York,21.0,0.0
2022_11,New York,21.0,0.0
2022_12,New York,12.0,0.0
2022_13,New York,18.0,0.0
2022_14,New York,14.0,0.0
2022_15,New York,14.0,0.0
2022_16,New York,17.0,0.0
2022_17,New York,16.0,0.0
2022_18,New York,25.0,0.0
2022_19,New York,21.0,0.0
2022_20,New York,23.0,0.0
2022_21,New York,32.0,0.0
2022_22,New York,26.0,0.0
2022_23,New York,19.0,0.0
2022_24,New York,27.0,0.0
2022_25,New York,23.0,0.0
2022_26,New York,23.0,0.0
2022_27,New York,33.0,0.0
2022_28,New York,37.0,0.0
2022_29,New York,34.0,0.0
2022_30,New York,21.0,0.0
2022_31,New York,18.0,0.0
2022_32,New York,36.0,0.0
2022_33,New York,34.0,0.0
2022_34,New York,22.0,0.0
2022_35,New York,26.0,0.0
2022_36,New York,30.0,0.0
2022_37,New York,24.0,0.0
2022_38,New York,25.0,0.0
2022_39,New York,23.0,0.0
2022_40,New York,15.0,0.0
2022_41,New York,24.0,0.0
2022_42,New York,21.0,0.0
2022_43,New York,28.0,0.0
2022_44,New York,27.0,0.0
2022_45,New York,28.0,0.0
2022_46,New York,18.0,0.0
2022_47,New York,17.0,0.0
2022_48,New York,27.0,0.0
2022_49,New York,22.0,0.0
2022_50,New York,16.0,0.0
2022_51,New York,18.0,0.0
2022_52,New York,26.0,0.0
2023_01,New York,0.0,22.666904761904753
2023_02,New York,0.0,22.920515873015866
2023_03,New York,0.0,23.754166666666663
2023_04,New York,0.0,24.712777777777774
2023_05,New York,0.0,23.68718253968253
2023_06,New York,0.0,22.72051587301587
2023_07,New York,0.0,22.01162698412698
2023_08,New York,0.0,23.706388888888885
2022_13,New Mexico,9.0,0.0
2022_14,New Mexico,3.0,0.0
2022_15,New Mexico,6.0,0.0
2022_16,New Mexico,8.0,0.0
2022_17,New Mexico,12.0,0.0
2022_18,New Mexico,17.0,0.0
2022_19,New Mexico,8.0,0.0
2022_20,New Mexico,9.0,0.0
2022_21,New Mexico,8.0,0.0
2022_22,New Mexico,5.0,0.0
2022_23,New Mexico,4.0,0.0
2022_25,New Mexico,9.0,0.0
2022_28,New Mexico,8.0,0.0
2022_30,New Mexico,10.0,0.0
2022_31,New Mexico,10.0,0.0
2022_34,New Mexico,9.0,0.0
2022_36,New Mexico,13.0,0.0
2022_37,New Mexico,15.0,0.0
2022_39,New Mexico,11.0,0.0
2022_41,New Mexico,9.0,0.0
2022_42,New Mexico,9.0,0.0
2022_43,New Mexico,17.0,0.0
2022_44,New Mexico,12.0,0.0
2022_45,New Mexico,10.0,0.0
2022_46,New Mexico,10.0,0.0
2022_49,New Mexico,11.0,0.0
2022_50,New Mexico,0.0,9.848571428571429
2022_51,New Mexico,0.0,10.174960317460316
2022_52,New Mexico,0.0,10.290515873015872
2023_01,New Mexico,0.0,9.902738095238096
2023_02,New Mexico,0.0,10.386071428571428
2023_03,New Mexico,0.0,11.38051587301587
2023_04,New Mexico,0.0,11.199126984126984
2023_05,New Mexico,0.0,9.655277777777778
2022_08,New Jersey,6.0,0.0
2022_09,New Jersey,7.0,0.0
2022_10,New Jersey,16.0,0.0
2022_11,New Jersey,14.0,0.0
2022_12,New Jersey,4.0,0.0
2022_13,New Jersey,13.0,0.0
2022_14,New Jersey,9.0,0.0
2022_15,New Jersey,9.0,0.0
2022_16,New Jersey,19.0,0.0
2022_17,New Jersey,9.0,0.0
2022_18,New Jersey,19.0,0.0
2022_19,New Jersey,20.0,0.0
2022_20,New Jersey,11.0,0.0
2022_21,New Jersey,15.0,0.0
2022_22,New Jersey,12.0,0.0
2022_23,New Jersey,14.0,0.0
2022_24,New Jersey,16.0,0.0
2022_25,New Jersey,18.0,0.0
2022_26,New Jersey,18.0,0.0
2022_27,New Jersey,21.0,0.0
2022_28,New Jersey,16.0,0.0
2022_29,New Jersey,23.0,0.0
2022_30,New Jersey,9.0,0.0
2022_31,New Jersey,17.0,0.0
2022_32,New Jersey,13.0,0.0
2022_33,New Jersey,13.0,0.0
2022_34,New Jersey,8.0,0.0
2022_35,New Jersey,24.0,0.0
2022_36,New Jersey,18.0,0.0
2022_37,New Jersey,11.0,0.0
2022_38,New Jersey,13.0,0.0
2022_39,New Jersey,10.0,0.0
2022_40,New Jersey,12.0,0.0
2022_41,New Jersey,11.0,0.0
2022_42,New Jersey,17.0,0.0
2022_43,New Jersey,8.0,0.0
2022_44,New Jersey,15.0,0.0
2022_45,New Jersey,10.0,0.0
2022_46,New Jersey,9.0,0.0
2022_47,New Jersey,17.0,0.0
2022_48,New Jersey,13.0,0.0
2022_49,New Jersey,13.0,0.0
2022_50,New Jersey,10.0,0.0
2022_51,New Jersey,9.0,0.0
2022_52,New Jersey,12.0,0.0
2023_01,New Jersey,0.0,16.030198412698418
2023_02,New Jersey,0.0,12.954007936507937
2023_03,New Jersey,0.0,15.115017297517296
2023_04,New Jersey,0.0,15.258906186406188
2023_05,New Jersey,0.0,15.107768620268622
2023_06,New Jersey,0.0,14.695039682539681
2023_07,New Jersey,0.0,14.286150793650794
2023_08,New Jersey,0.0,14.672817460317459
2022_14,New Hampshire,6.0,0.0
2022_15,New Hampshire,1.0,0.0
2022_16,New Hampshire,2.0,0.0
2022_17,New Hampshire,1.0,0.0
2022_18,New Hampshire,4.0,0.0
2022_19,New Hampshire,1.0,0.0
2022_20,New Hampshire,2.0,0.0
2022_21,New Hampshire,2.0,0.0
2022_22,New Hampshire,4.0,0.0
2022_23,New Hampshire,5.0,0.0
2022_24,New Hampshire,8.0,0.0
2022_25,New Hampshire,5.0,0.0
2022_26,New Hampshire,2.0,0.0
2022_27,New Hampshire,2.0,0.0
2022_28,New Hampshire,1.0,0.0
2022_29,New Hampshire,5.0,0.0
2022_30,New Hampshire,3.0,0.0
2022_31,New Hampshire,1.0,0.0
2022_32,New Hampshire,3.0,0.0
2022_33,New Hampshire,5.0,0.0
2022_34,New Hampshire,3.0,0.0
2022_35,New Hampshire,9.0,0.0
2022_36,New Hampshire,3.0,0.0
2022_37,New Hampshire,3.0,0.0
2022_39,New Hampshire,4.0,0.0
2022_41,New Hampshire,2.0,0.0
2022_42,New Hampshire,2.0,0.0
2022_43,New Hampshire,3.0,0.0
2022_44,New Hampshire,6.0,0.0
2022_45,New Hampshire,5.0,0.0
2022_46,New Hampshire,2.0,0.0
2022_47,New Hampshire,2.0,0.0
2022_48,New Hampshire,4.0,0.0
2022_49,New Hampshire,2.0,0.0
2022_50,New Hampshire,5.0,0.0
2022_51,New Hampshire,2.0,0.0
2022_52,New Hampshire,3.0,0.0
2023_01,New Hampshire,0.0,7.807592592592592
2023_02,New Hampshire,0.0,4.605185185185184
2023_03,New Hampshire,0.0,7.06744708994709
2023_04,New Hampshire,0.0,6.2385582010582015
2023_05,New Hampshire,0.0,8.039351851851851
2023_06,New Hampshire,0.0,7.516574074074073
2023_07,New Hampshire,0.0,7.677685185185185
2023_08,New Hampshire,0.0,7.390462962962962
2022_08,Nevada,3.0,0.0
2022_09,Nevada,3.0,0.0
2022_10,Nevada,13.0,0.0
2022_11,Nevada,14.0,0.0
2022_12,Nevada,6.0,0.0
2022_13,Nevada,8.0,0.0
2022_14,Nevada,6.0,0.0
2022_15,Nevada,5.0,0.0
2022_16,Nevada,10.0,0.0
2022_17,Nevada,9.0,0.0
2022_18,Nevada,13.0,0.0
2022_19,Nevada,6.0,0.0
2022_20,Nevada,7.0,0.0
2022_21,Nevada,9.0,0.0
2022_22,Nevada,10.0,0.0
2022_23,Nevada,12.0,0.0
2022_24,Nevada,8.0,0.0
2022_25,Nevada,8.0,0.0
2022_26,Nevada,8.0,0.0
2022_27,Nevada,9.0,0.0
2022_28,Nevada,4.0,0.0
2022_29,Nevada,6.0,0.0
2022_30,Nevada,7.0,0.0
2022_31,Nevada,6.0,0.0
2022_32,Nevada,11.0,0.0
2022_33,Nevada,8.0,0.0
2022_34,Nevada,4.0,0.0
2022_35,Nevada,5.0,0.0
2022_36,Nevada,4.0,0.0
2022_37,Nevada,9.0,0.0
2022_38,Nevada,13.0,0.0
2022_39,Nevada,6.0,0.0
2022_40,Nevada,7.0,0.0
2022_41,Nevada,7.0,0.0
2022_42,Nevada,13.0,0.0
2022_43,Nevada,16.0,0.0
2022_44,Nevada,8.0,0.0
2022_45,Nevada,9.0,0.0
2022_46,Nevada,10.0,0.0
2022_47,Nevada,7.0,0.0
2022_48,Nevada,5.0,0.0
2022_49,Nevada,5.0,0.0
2022_50,Nevada,11.0,0.0
2022_51,Nevada,10.0,0.0
2022_52,Nevada,6.0,0.0
2023_01,Nevada,0.0,16.339153439153442
2023_02,Nevada,0.0,15.5881216931217
2023_03,Nevada,0.0,14.727751322751324
2023_04,Nevada,0.0,14.857751322751325
2023_05,Nevada,0.0,15.140251322751327
2023_06,Nevada,0.0,15.260284992784996
2023_07,Nevada,0.0,13.43207671957672
2023_08,Nevada,0.0,13.613227513227516
2022_08,Nebraska,3.0,0.0
2022_09,Nebraska,2.0,0.0
2022_10,Nebraska,12.0,0.0
2022_11,Nebraska,4.0,0.0
2022_12,Nebraska,3.0,0.0
2022_13,Nebraska,7.0,0.0
2022_14,Nebraska,6.0,0.0
2022_16,Nebraska,4.0,0.0
2022_17,Nebraska,4.0,0.0
2022_18,Nebraska,5.0,0.0
2022_19,Nebraska,5.0,0.0
2022_20,Nebraska,5.0,0.0
2022_21,Nebraska,4.0,0.0
2022_22,Nebraska,1.0,0.0
2022_23,Nebraska,6.0,0.0
2022_24,Nebraska,8.0,0.0
2022_25,Nebraska,6.0,0.0
2022_26,Nebraska,3.0,0.0
2022_27,Nebraska,4.0,0.0
2022_28,Nebraska,5.0,0.0
2022_29,Nebraska,2.0,0.0
2022_30,Nebraska,4.0,0.0
2022_31,Nebraska,3.0,0.0
2022_32,Nebraska,4.0,0.0
2022_33,Nebraska,7.0,0.0
2022_34,Nebraska,6.0,0.0
2022_35,Nebraska,8.0,0.0
2022_36,Nebraska,8.0,0.0
2022_37,Nebraska,5.0,0.0
2022_38,Nebraska,9.0,0.0
2022_39,Nebraska,12.0,0.0
2022_40,Nebraska,2.0,0.0
2022_41,Nebraska,1.0,0.0
2022_42,Nebraska,1.0,0.0
2022_43,Nebraska,5.0,0.0
2022_44,Nebraska,7.0,0.0
2022_45,Nebraska,4.0,0.0
2022_46,Nebraska,5.0,0.0
2022_47,Nebraska,4.0,0.0
2022_48,Nebraska,4.0,0.0
2022_49,Nebraska,4.0,0.0
2022_50,Nebraska,4.0,0.0
2022_51,Nebraska,1.0,0.0
2022_52,Nebraska,3.0,0.0
2023_01,Nebraska,0.0,7.553915343915344
2023_02,Nebraska,0.0,7.221349206349206
2023_03,Nebraska,0.0,8.20047619047619
2023_04,Nebraska,0.0,7.548359788359788
2023_05,Nebraska,0.0,7.655978835978835
2023_06,Nebraska,0.0,7.688849206349206
2023_07,Nebraska,0.0,7.1755555555555555
2023_08,Nebraska,0.0,7.097499999999998
2022_12,Montana,3.0,0.0
2022_15,Montana,8.0,0.0
2022_16,Montana,4.0,0.0
2022_18,Montana,3.0,0.0
2022_23,Montana,6.0,0.0
2022_24,Montana,2.0,0.0
2022_26,Montana,5.0,0.0
2022_27,Montana,5.0,0.0
2022_28,Montana,21.0,0.0
2022_29,Montana,7.0,0.0
2022_30,Montana,5.0,0.0
2022_31,Montana,11.0,0.0
2022_32,Montana,10.0,0.0
2022_33,Montana,5.0,0.0
2022_34,Montana,6.0,0.0
2022_37,Montana,11.0,0.0
2022_38,Montana,5.0,0.0
2022_40,Montana,7.0,0.0
2022_45,Montana,6.0,0.0
2022_49,Montana,3.0,0.0
2022_52,Montana,4.0,0.0
2023_01,Montana,0.0,9.302103174603173
2023_02,Montana,0.0,6.932380952380952
2023_03,Montana,0.0,7.325714285714285
2023_04,Montana,0.0,8.373492063492064
2023_05,Montana,0.0,8.537103174603175
2023_06,Montana,0.0,7.549880952380952
2023_07,Montana,0.0,7.9765476190476186
2023_08,Montana,0.0,7.571230158730158
2022_09,Missouri,19.0,0.0
2022_10,Missouri,13.0,0.0
2022_11,Missouri,25.0,0.0
2022_12,Missouri,7.0,0.0
2022_13,Missouri,22.0,0.0
2022_14,Missouri,17.0,0.0
2022_15,Missouri,7.0,0.0
2022_16,Missouri,20.0,0.0
2022_17,Missouri,17.0,0.0
2022_18,Missouri,29.0,0.0
2022_19,Missouri,22.0,0.0
2022_20,Missouri,11.0,0.0
2022_21,Missouri,15.0,0.0
2022_22,Missouri,17.0,0.0
2022_23,Missouri,32.0,0.0
2022_24,Missouri,18.0,0.0
2022_25,Missouri,20.0,0.0
2022_26,Missouri,33.0,0.0
2022_27,Missouri,21.0,0.0
2022_28,Missouri,31.0,0.0
2022_29,Missouri,17.0,0.0
2022_30,Missouri,20.0,0.0
2022_31,Missouri,20.0,0.0
2022_32,Missouri,18.0,0.0
2022_33,Missouri,15.0,0.0
2022_34,Missouri,30.0,0.0
2022_35,Missouri,25.0,0.0
2022_36,Missouri,33.0,0.0
2022_37,Missouri,31.0,0.0
2022_38,Missouri,23.0,0.0
2022_39,Missouri,22.0,0.0
2022_40,Missouri,17.0,0.0
2022_41,Missouri,24.0,0.0
2022_42,Missouri,23.0,0.0
2022_43,Missouri,28.0,0.0
2022_44,Missouri,27.0,0.0
2022_45,Missouri,14.0,0.0
2022_46,Missouri,17.0,0.0
2022_47,Missouri,21.0,0.0
2022_48,Missouri,19.0,0.0
2022_49,Missouri,19.0,0.0
2022_50,Missouri,27.0,0.0
2022_51,Missouri,28.0,0.0
2022_52,Missouri,12.0,0.0
2023_01,Missouri,0.0,18.036182058682062
2023_02,Missouri,0.0,17.73959475709476
2023_03,Missouri,0.0,17.714695767195767
2023_04,Missouri,0.0,17.843364598364598
2023_05,Missouri,0.0,17.425806878306883
2023_06,Missouri,0.0,16.544616402116404
2023_07,Missouri,0.0,16.64691798941799
2023_08,Missouri,0.0,16.718584656084655
2022_10,Mississippi,14.0,0.0
2022_11,Mississippi,9.0,0.0
2022_12,Mississippi,12.0,0.0
2022_13,Mississippi,10.0,0.0
2022_14,Mississippi,12.0,0.0
2022_15,Mississippi,17.0,0.0
2022_16,Mississippi,18.0,0.0
2022_17,Mississippi,13.0,0.0
2022_18,Mississippi,11.0,0.0
2022_19,Mississippi,14.0,0.0
2022_20,Mississippi,14.0,0.0
2022_21,Mississippi,14.0,0.0
2022_22,Mississippi,14.0,0.0
2022_24,Mississippi,19.0,0.0
2022_25,Mississippi,12.0,0.0
2022_26,Mississippi,18.0,0.0
2022_27,Mississippi,14.0,0.0
2022_28,Mississippi,9.0,0.0
2022_29,Mississippi,24.0,0.0
2022_30,Mississippi,13.0,0.0
2022_31,Mississippi,20.0,0.0
2022_32,Mississippi,9.0,0.0
2022_33,Mississippi,12.0,0.0
2022_34,Mississippi,13.0,0.0
2022_35,Mississippi,13.0,0.0
2022_36,Mississippi,9.0,0.0
2022_37,Mississippi,22.0,0.0
2022_38,Mississippi,21.0,0.0
2022_40,Mississippi,18.0,0.0
2022_41,Mississippi,23.0,0.0
2022_42,Mississippi,12.0,0.0
2022_43,Mississippi,17.0,0.0
2022_44,Mississippi,10.0,0.0
2022_45,Mississippi,13.0,0.0
2022_46,Mississippi,15.0,0.0
2022_47,Mississippi,14.0,0.0
2022_48,Mississippi,7.0,0.0
2022_49,Mississippi,15.0,0.0
2022_50,Mississippi,4.0,0.0
2022_51,Mississippi,13.0,0.0
2022_52,Mississippi,10.0,0.0
2023_01,Mississippi,0.0,12.251521164021165
2023_02,Mississippi,0.0,11.88660052910053
2023_03,Mississippi,0.0,11.894219576719577
2023_04,Mississippi,0.0,10.71003968253968
2023_05,Mississippi,0.0,11.2675
2023_06,Mississippi,0.0,11.539087301587301
2023_07,Mississippi,0.0,11.581309523809523
2023_08,Mississippi,0.0,11.644166666666669
2022_08,Minnesota,12.0,0.0
2022_09,Minnesota,8.0,0.0
2022_10,Minnesota,4.0,0.0
2022_11,Minnesota,6.0,0.0
2022_12,Minnesota,2.0,0.0
2022_13,Minnesota,1.0,0.0
2022_14,Minnesota,8.0,0.0
2022_15,Minnesota,9.0,0.0
2022_16,Minnesota,6.0,0.0
2022_17,Minnesota,3.0,0.0
2022_18,Minnesota,10.0,0.0
2022_19,Minnesota,12.0,0.0
2022_20,Minnesota,12.0,0.0
2022_21,Minnesota,10.0,0.0
2022_22,Minnesota,4.0,0.0
2022_23,Minnesota,11.0,0.0
2022_24,Minnesota,13.0,0.0
2022_25,Minnesota,12.0,0.0
2022_26,Minnesota,12.0,0.0
2022_27,Minnesota,11.0,0.0
2022_28,Minnesota,16.0,0.0
2022_29,Minnesota,10.0,0.0
2022_30,Minnesota,14.0,0.0
2022_31,Minnesota,11.0,0.0
2022_32,Minnesota,11.0,0.0
2022_33,Minnesota,11.0,0.0
2022_34,Minnesota,14.0,0.0
2022_35,Minnesota,11.0,0.0
2022_36,Minnesota,15.0,0.0
2022_37,Minnesota,11.0,0.0
2022_38,Minnesota,15.0,0.0
2022_39,Minnesota,7.0,0.0
2022_40,Minnesota,7.0,0.0
2022_41,Minnesota,11.0,0.0
2022_42,Minnesota,15.0,0.0
2022_43,Minnesota,9.0,0.0
2022_44,Minnesota,10.0,0.0
2022_45,Minnesota,6.0,0.0
2022_46,Minnesota,6.0,0.0
2022_47,Minnesota,9.0,0.0
2022_48,Minnesota,7.0,0.0
2022_49,Minnesota,9.0,0.0
2022_50,Minnesota,7.0,0.0
2022_51,Minnesota,1.0,0.0
2022_52,Minnesota,6.0,0.0
2023_01,Minnesota,0.0,10.91935185185185
2023_02,Minnesota,0.0,10.879880952380951
2023_03,Minnesota,0.0,10.420714285714284
2023_04,Minnesota,0.0,11.035992063492062
2023_05,Minnesota,0.0,10.287341269841269
2023_06,Minnesota,0.0,10.465092592592592
2023_07,Minnesota,0.0,10.356230158730158
2023_08,Minnesota,0.0,9.994563492063492
2022_08,Michigan,16.0,0.0
2022_09,Michigan,12.0,0.0
2022_10,Michigan,11.0,0.0
2022_11,Michigan,17.0,0.0
2022_12,Michigan,20.0,0.0
2022_13,Michigan,18.0,0.0
2022_14,Michigan,16.0,0.0
2022_15,Michigan,14.0,0.0
2022_16,Michigan,16.0,0.0
2022_17,Michigan,13.0,0.0
2022_18,Michigan,23.0,0.0
2022_19,Michigan,36.0,0.0
2022_20,Michigan,20.0,0.0
2022_21,Michigan,18.0,0.0
2022_22,Michigan,32.0,0.0
2022_23,Michigan,26.0,0.0
2022_24,Michigan,28.0,0.0
2022_25,Michigan,37.0,0.0
2022_26,Michigan,26.0,0.0
2022_27,Michigan,21.0,0.0
2022_28,Michigan,24.0,0.0
2022_29,Michigan,32.0,0.0
2022_30,Michigan,31.0,0.0
2022_31,Michigan,19.0,0.0
2022_32,Michigan,23.0,0.0
2022_33,Michigan,18.0,0.0
2022_34,Michigan,24.0,0.0
2022_35,Michigan,24.0,0.0
2022_36,Michigan,28.0,0.0
2022_37,Michigan,24.0,0.0
2022_38,Michigan,26.0,0.0
2022_39,Michigan,28.0,0.0
2022_40,Michigan,16.0,0.0
2022_41,Michigan,17.0,0.0
2022_42,Michigan,20.0,0.0
2022_43,Michigan,29.0,0.0
2022_44,Michigan,31.0,0.0
2022_45,Michigan,17.0,0.0
2022_46,Michigan,19.0,0.0
2022_47,Michigan,26.0,0.0
2022_48,Michigan,18.0,0.0
2022_49,Michigan,17.0,0.0
2022_50,Michigan,23.0,0.0
2022_51,Michigan,13.0,0.0
2022_52,Michigan,19.0,0.0
2023_01,Michigan,0.0,16.969801587301585
2023_02,Michigan,0.0,20.74285714285714
2023_03,Michigan,0.0,22.429801587301586
2023_04,Michigan,0.0,22.363439153439153
2023_05,Michigan,0.0,22.575264550264546
2023_06,Michigan,0.0,23.70351851851851
2023_07,Michigan,0.0,22.887685185185173
2023_08,Michigan,0.0,24.861851851851846
2022_08,Massachusetts,13.0,0.0
2022_09,Massachusetts,5.0,0.0
2022_10,Massachusetts,6.0,0.0
2022_11,Massachusetts,6.0,0.0
2022_12,Massachusetts,7.0,0.0
2022_13,Massachusetts,2.0,0.0
2022_14,Massachusetts,4.0,0.0
2022_15,Massachusetts,7.0,0.0
2022_16,Massachusetts,7.0,0.0
2022_17,Massachusetts,4.0,0.0
2022_18,Massachusetts,11.0,0.0
2022_19,Massachusetts,9.0,0.0
2022_20,Massachusetts,12.0,0.0
2022_21,Massachusetts,9.0,0.0
2022_22,Massachusetts,14.0,0.0
2022_23,Massachusetts,9.0,0.0
2022_24,Massachusetts,8.0,0.0
2022_25,Massachusetts,12.0,0.0
2022_26,Massachusetts,5.0,0.0
2022_27,Massachusetts,7.0,0.0
2022_28,Massachusetts,8.0,0.0
2022_29,Massachusetts,9.0,0.0
2022_30,Massachusetts,15.0,0.0
2022_31,Massachusetts,14.0,0.0
2022_32,Massachusetts,6.0,0.0
2022_33,Massachusetts,8.0,0.0
2022_34,Massachusetts,16.0,0.0
2022_35,Massachusetts,9.0,0.0
2022_36,Massachusetts,5.0,0.0
2022_37,Massachusetts,11.0,0.0
2022_38,Massachusetts,7.0,0.0
2022_39,Massachusetts,11.0,0.0
2022_40,Massachusetts,8.0,0.0
2022_41,Massachusetts,12.0,0.0
2022_42,Massachusetts,8.0,0.0
2022_43,Massachusetts,9.0,0.0
2022_44,Massachusetts,9.0,0.0
2022_45,Massachusetts,8.0,0.0
2022_46,Massachusetts,6.0,0.0
2022_47,Massachusetts,8.0,0.0
2022_48,Massachusetts,5.0,0.0
2022_49,Massachusetts,15.0,0.0
2022_50,Massachusetts,8.0,0.0
2022_51,Massachusetts,6.0,0.0
2022_52,Massachusetts,7.0,0.0
2023_01,Massachusetts,0.0,11.57388888888889
2023_02,Massachusetts,0.0,11.235277777777778
2023_03,Massachusetts,0.0,11.081944444444444
2023_04,Massachusetts,0.0,11.550357142857143
2023_05,Massachusetts,0.0,11.453611111111112
2023_06,Massachusetts,0.0,11.865039682539683
2023_07,Massachusetts,0.0,10.885039682539682
2023_08,Massachusetts,0.0,12.265039682539685
2022_08,Maryland,10.0,0.0
2022_09,Maryland,8.0,0.0
2022_10,Maryland,10.0,0.0
2022_11,Maryland,12.0,0.0
2022_12,Maryland,16.0,0.0
2022_13,Maryland,6.0,0.0
2022_14,Maryland,6.0,0.0
2022_15,Maryland,5.0,0.0
2022_16,Maryland,15.0,0.0
2022_17,Maryland,9.0,0.0
2022_18,Maryland,12.0,0.0
2022_19,Maryland,10.0,0.0
2022_20,Maryland,12.0,0.0
2022_21,Maryland,11.0,0.0
2022_22,Maryland,10.0,0.0
2022_23,Maryland,11.0,0.0
2022_24,Maryland,17.0,0.0
2022_25,Maryland,11.0,0.0
2022_26,Maryland,11.0,0.0
2022_27,Maryland,12.0,0.0
2022_28,Maryland,13.0,0.0
2022_29,Maryland,5.0,0.0
2022_30,Maryland,9.0,0.0
2022_31,Maryland,9.0,0.0
2022_32,Maryland,14.0,0.0
2022_33,Maryland,11.0,0.0
2022_34,Maryland,18.0,0.0
2022_35,Maryland,13.0,0.0
2022_36,Maryland,7.0,0.0
2022_37,Maryland,19.0,0.0
2022_38,Maryland,6.0,0.0
2022_39,Maryland,5.0,0.0
2022_40,Maryland,11.0,0.0
2022_41,Maryland,16.0,0.0
2022_42,Maryland,13.0,0.0
2022_43,Maryland,13.0,0.0
2022_44,Maryland,11.0,0.0
2022_45,Maryland,16.0,0.0
2022_46,Maryland,7.0,0.0
2022_47,Maryland,7.0,0.0
2022_48,Maryland,14.0,0.0
2022_49,Maryland,9.0,0.0
2022_50,Maryland,11.0,0.0
2022_51,Maryland,13.0,0.0
2022_52,Maryland,9.0,0.0
2023_01,Maryland,0.0,12.595277777777776
2023_02,Maryland,0.0,13.515396825396826
2023_03,Maryland,0.0,12.617766955266955
2023_04,Maryland,0.0,13.007727272727273
2023_05,Maryland,0.0,12.228997113997115
2023_06,Maryland,0.0,12.515663780663782
2023_07,Maryland,0.0,14.532489177489177
2023_08,Maryland,0.0,13.210584415584416
2022_09,Maine,4.0,0.0
2022_10,Maine,2.0,0.0
2022_13,Maine,3.0,0.0
2022_14,Maine,3.0,0.0
2022_15,Maine,2.0,0.0
2022_16,Maine,1.0,0.0
2022_17,Maine,3.0,0.0
2022_18,Maine,6.0,0.0
2022_19,Maine,6.0,0.0
2022_20,Maine,2.0,0.0
2022_21,Maine,3.0,0.0
2022_22,Maine,2.0,0.0
2022_23,Maine,10.0,0.0
2022_24,Maine,3.0,0.0
2022_25,Maine,7.0,0.0
2022_26,Maine,2.0,0.0
2022_27,Maine,1.0,0.0
2022_28,Maine,3.0,0.0
2022_29,Maine,5.0,0.0
2022_30,Maine,3.0,0.0
2022_31,Maine,5.0,0.0
2022_32,Maine,3.0,0.0
2022_33,Maine,6.0,0.0
2022_34,Maine,3.0,0.0
2022_35,Maine,5.0,0.0
2022_36,Maine,4.0,0.0
2022_37,Maine,2.0,0.0
2022_38,Maine,4.0,0.0
2022_39,Maine,3.0,0.0
2022_40,Maine,1.0,0.0
2022_41,Maine,1.0,0.0
2022_42,Maine,4.0,0.0
2022_43,Maine,7.0,0.0
2022_44,Maine,6.0,0.0
2022_45,Maine,2.0,0.0
2022_46,Maine,5.0,0.0
2022_47,Maine,4.0,0.0
2022_48,Maine,4.0,0.0
2022_49,Maine,9.0,0.0
2022_50,Maine,1.0,0.0
2022_51,Maine,3.0,0.0
2022_52,Maine,3.0,0.0
2023_01,Maine,0.0,6.55271164021164
2023_02,Maine,0.0,6.585092592592592
2023_03,Maine,0.0,7.075648148148147
2023_04,Maine,0.0,7.602949735449736
2023_05,Maine,0.0,7.80850529100529
2023_06,Maine,0.0,7.452949735449735
2023_07,Maine,0.0,6.191997354497355
2023_08,Maine,0.0,7.5229497354497346
2022_08,Louisiana,18.0,0.0
2022_09,Louisiana,27.0,0.0
2022_10,Louisiana,12.0,0.0
2022_11,Louisiana,6.0,0.0
2022_12,Louisiana,13.0,0.0
2022_13,Louisiana,20.0,0.0
2022_14,Louisiana,12.0,0.0
2022_15,Louisiana,19.0,0.0
2022_16,Louisiana,10.0,0.0
2022_17,Louisiana,28.0,0.0
2022_18,Louisiana,20.0,0.0
2022_19,Louisiana,22.0,0.0
2022_20,Louisiana,13.0,0.0
2022_21,Louisiana,17.0,0.0
2022_22,Louisiana,21.0,0.0
2022_23,Louisiana,17.0,0.0
2022_24,Louisiana,15.0,0.0
2022_25,Louisiana,14.0,0.0
2022_26,Louisiana,20.0,0.0
2022_27,Louisiana,23.0,0.0
2022_28,Louisiana,13.0,0.0
2022_29,Louisiana,14.0,0.0
2022_30,Louisiana,13.0,0.0
2022_31,Louisiana,17.0,0.0
2022_32,Louisiana,19.0,0.0
2022_33,Louisiana,26.0,0.0
2022_34,Louisiana,7.0,0.0
2022_35,Louisiana,14.0,0.0
2022_36,Louisiana,11.0,0.0
2022_37,Louisiana,26.0,0.0
2022_38,Louisiana,20.0,0.0
2022_39,Louisiana,15.0,0.0
2022_40,Louisiana,15.0,0.0
2022_41,Louisiana,21.0,0.0
2022_42,Louisiana,34.0,0.0
2022_43,Louisiana,13.0,0.0
2022_44,Louisiana,14.0,0.0
2022_45,Louisiana,23.0,0.0
2022_46,Louisiana,23.0,0.0
2022_47,Louisiana,20.0,0.0
2022_48,Louisiana,9.0,0.0
2022_49,Louisiana,24.0,0.0
2022_50,Louisiana,18.0,0.0
2022_51,Louisiana,18.0,0.0
2022_52,Louisiana,15.0,0.0
2023_01,Louisiana,0.0,20.34478114478114
2023_02,Louisiana,0.0,20.073749398749396
2023_03,Louisiana,0.0,19.853722943722946
2023_04,Louisiana,0.0,16.191183261183266
2023_05,Louisiana,0.0,17.340707070707072
2023_06,Louisiana,0.0,18.623008658008654
2023_07,Louisiana,0.0,19.235416065416068
2023_08,Louisiana,0.0,19.341924001924
2022_08,Kentucky,17.0,0.0
2022_09,Kentucky,15.0,0.0
2022_10,Kentucky,11.0,0.0
2022_11,Kentucky,17.0,0.0
2022_12,Kentucky,14.0,0.0
2022_13,Kentucky,10.0,0.0
2022_14,Kentucky,11.0,0.0
2022_15,Kentucky,11.0,0.0
2022_16,Kentucky,19.0,0.0
2022_17,Kentucky,13.0,0.0
2022_18,Kentucky,13.0,0.0
2022_19,Kentucky,8.0,0.0
2022_20,Kentucky,12.0,0.0
2022_21,Kentucky,12.0,0.0
2022_22,Kentucky,10.0,0.0
2022_23,Kentucky,12.0,0.0
2022_24,Kentucky,16.0,0.0
2022_25,Kentucky,16.0,0.0
2022_26,Kentucky,21.0,0.0
2022_27,Kentucky,8.0,0.0
2022_28,Kentucky,20.0,0.0
2022_29,Kentucky,21.0,0.0
2022_30,Kentucky,15.0,0.0
2022_31,Kentucky,12.0,0.0
2022_32,Kentucky,14.0,0.0
2022_33,Kentucky,14.0,0.0
2022_34,Kentucky,12.0,0.0
2022_35,Kentucky,16.0,0.0
2022_36,Kentucky,14.0,0.0
2022_37,Kentucky,24.0,0.0
2022_38,Kentucky,18.0,0.0
2022_39,Kentucky,22.0,0.0
2022_40,Kentucky,23.0,0.0
2022_41,Kentucky,13.0,0.0
2022_42,Kentucky,18.0,0.0
2022_43,Kentucky,13.0,0.0
2022_44,Kentucky,23.0,0.0
2022_45,Kentucky,25.0,0.0
2022_46,Kentucky,18.0,0.0
2022_47,Kentucky,10.0,0.0
2022_48,Kentucky,8.0,0.0
2022_49,Kentucky,9.0,0.0
2022_50,Kentucky,17.0,0.0
2022_51,Kentucky,7.0,0.0
2022_52,Kentucky,7.0,0.0
2023_01,Kentucky,0.0,12.751666666666665
2023_02,Kentucky,0.0,11.78769841269841
2023_03,Kentucky,0.0,8.647164502164502
2023_04,Kentucky,0.0,8.46355339105339
2023_05,Kentucky,0.0,10.15275974025974
2023_06,Kentucky,0.0,10.655119047619046
2023_07,Kentucky,0.0,11.880992063492064
2023_08,Kentucky,0.0,11.502380952380951
2022_08,Kansas,12.0,0.0
2022_09,Kansas,6.0,0.0
2022_10,Kansas,7.0,0.0
2022_11,Kansas,12.0,0.0
2022_12,Kansas,8.0,0.0
2022_13,Kansas,8.0,0.0
2022_14,Kansas,8.0,0.0
2022_15,Kansas,6.0,0.0
2022_16,Kansas,5.0,0.0
2022_17,Kansas,4.0,0.0
2022_18,Kansas,3.0,0.0
2022_19,Kansas,16.0,0.0
2022_20,Kansas,8.0,0.0
2022_21,Kansas,8.0,0.0
2022_22,Kansas,8.0,0.0
2022_23,Kansas,13.0,0.0
2022_24,Kansas,11.0,0.0
2022_25,Kansas,8.0,0.0
2022_26,Kansas,6.0,0.0
2022_27,Kansas,10.0,0.0
2022_28,Kansas,6.0,0.0
2022_29,Kansas,5.0,0.0
2022_30,Kansas,3.0,0.0
2022_31,Kansas,10.0,0.0
2022_32,Kansas,9.0,0.0
2022_33,Kansas,7.0,0.0
2022_34,Kansas,4.0,0.0
2022_35,Kansas,12.0,0.0
2022_36,Kansas,4.0,0.0
2022_37,Kansas,10.0,0.0
2022_38,Kansas,10.0,0.0
2022_39,Kansas,8.0,0.0
2022_40,Kansas,9.0,0.0
2022_41,Kansas,15.0,0.0
2022_42,Kansas,7.0,0.0
2022_43,Kansas,10.0,0.0
2022_44,Kansas,9.0,0.0
2022_45,Kansas,9.0,0.0
2022_46,Kansas,4.0,0.0
2022_47,Kansas,12.0,0.0
2022_48,Kansas,5.0,0.0
2022_49,Kansas,9.0,0.0
2022_50,Kansas,5.0,0.0
2022_51,Kansas,13.0,0.0
2022_52,Kansas,6.0,0.0
2023_01,Kansas,0.0,12.55531746031746
2023_02,Kansas,0.0,11.844473304473302
2023_03,Kansas,0.0,11.304126984126983
2023_04,Kansas,0.0,11.87801587301587
2023_05,Kansas,0.0,10.129404761904762
2023_06,Kansas,0.0,11.374206349206348
2023_07,Kansas,0.0,10.293465608465608
2023_08,Kansas,0.0,9.812420634920636
2022_09,Iowa,6.0,0.0
2022_10,Iowa,5.0,0.0
2022_11,Iowa,10.0,0.0
2022_12,Iowa,6.0,0.0
2022_13,Iowa,3.0,0.0
2022_14,Iowa,5.0,0.0
2022_15,Iowa,2.0,0.0
2022_16,Iowa,9.0,0.0
2022_17,Iowa,7.0,0.0
2022_18,Iowa,6.0,0.0
2022_19,Iowa,9.0,0.0
2022_20,Iowa,8.0,0.0
2022_21,Iowa,7.0,0.0
2022_22,Iowa,11.0,0.0
2022_23,Iowa,6.0,0.0
2022_24,Iowa,6.0,0.0
2022_25,Iowa,2.0,0.0
2022_26,Iowa,13.0,0.0
2022_27,Iowa,4.0,0.0
2022_28,Iowa,8.0,0.0
2022_29,Iowa,10.0,0.0
2022_30,Iowa,9.0,0.0
2022_31,Iowa,10.0,0.0
2022_32,Iowa,4.0,0.0
2022_33,Iowa,10.0,0.0
2022_34,Iowa,5.0,0.0
2022_35,Iowa,10.0,0.0
2022_36,Iowa,5.0,0.0
2022_37,Iowa,11.0,0.0
2022_38,Iowa,8.0,0.0
2022_39,Iowa,5.0,0.0
2022_40,Iowa,8.0,0.0
2022_41,Iowa,7.0,0.0
2022_42,Iowa,9.0,0.0
2022_43,Iowa,6.0,0.0
2022_44,Iowa,9.0,0.0
2022_45,Iowa,4.0,0.0
2022_46,Iowa,2.0,0.0
2022_47,Iowa,11.0,0.0
2022_48,Iowa,2.0,0.0
2022_49,Iowa,7.0,0.0
2022_50,Iowa,8.0,0.0
2022_51,Iowa,2.0,0.0
2022_52,Iowa,4.0,0.0
2023_01,Iowa,0.0,10.337261904761904
2023_02,Iowa,0.0,8.352645502645503
2023_03,Iowa,0.0,8.19617724867725
2023_04,Iowa,0.0,7.571534391534391
2023_05,Iowa,0.0,8.473611111111111
2023_06,Iowa,0.0,6.987103174603176
2023_07,Iowa,0.0,9.704404761904762
2023_08,Iowa,0.0,9.131415343915345
2022_08,Indiana,16.0,0.0
2022_09,Indiana,17.0,0.0
2022_10,Indiana,17.0,0.0
2022_11,Indiana,31.0,0.0
2022_12,Indiana,15.0,0.0
2022_13,Indiana,12.0,0.0
2022_14,Indiana,15.0,0.0
2022_15,Indiana,12.0,0.0
2022_16,Indiana,15.0,0.0
2022_17,Indiana,18.0,0.0
2022_18,Indiana,11.0,0.0
2022_19,Indiana,21.0,0.0
2022_20,Indiana,20.0,0.0
2022_21,Indiana,20.0,0.0
2022_22,Indiana,22.0,0.0
2022_23,Indiana,20.0,0.0
2022_24,Indiana,19.0,0.0
2022_25,Indiana,21.0,0.0
2022_26,Indiana,23.0,0.0
2022_27,Indiana,21.0,0.0
2022_28,Indiana,21.0,0.0
2022_29,Indiana,22.0,0.0
2022_30,Indiana,24.0,0.0
2022_31,Indiana,31.0,0.0
2022_32,Indiana,20.0,0.0
2022_33,Indiana,22.0,0.0
2022_34,Indiana,31.0,0.0
2022_35,Indiana,16.0,0.0
2022_36,Indiana,17.0,0.0
2022_37,Indiana,20.0,0.0
2022_38,Indiana,22.0,0.0
2022_39,Indiana,15.0,0.0
2022_40,Indiana,18.0,0.0
2022_41,Indiana,24.0,0.0
2022_42,Indiana,18.0,0.0
2022_43,Indiana,15.0,0.0
2022_44,Indiana,22.0,0.0
2022_45,Indiana,9.0,0.0
2022_46,Indiana,15.0,0.0
2022_47,Indiana,16.0,0.0
2022_48,Indiana,12.0,0.0
2022_49,Indiana,17.0,0.0
2022_50,Indiana,17.0,0.0
2022_51,Indiana,19.0,0.0
2022_52,Indiana,9.0,0.0
2023_01,Indiana,0.0,18.33748677248677
2023_02,Indiana,0.0,17.854285714285716
2023_03,Indiana,0.0,19.777142857142852
2023_04,Indiana,0.0,18.47142857142857
2023_05,Indiana,0.0,15.708862433862432
2023_06,Indiana,0.0,17.833809523809524
2023_07,Indiana,0.0,14.376322751322752
2023_08,Indiana,0.0,15.08222222222222
2022_08,Illinois,12.0,0.0
2022_09,Illinois,21.0,0.0
2022_10,Illinois,21.0,0.0
2022_11,Illinois,23.0,0.0
2022_12,Illinois,36.0,0.0
2022_13,Illinois,18.0,0.0
2022_14,Illinois,15.0,0.0
2022_15,Illinois,12.0,0.0
2022_16,Illinois,31.0,0.0
2022_17,Illinois,16.0,0.0
2022_18,Illinois,22.0,0.0
2022_19,Illinois,25.0,0.0
2022_20,Illinois,29.0,0.0
2022_21,Illinois,24.0,0.0
2022_22,Illinois,43.0,0.0
2022_23,Illinois,23.0,0.0
2022_24,Illinois,38.0,0.0
2022_25,Illinois,25.0,0.0
2022_26,Illinois,31.0,0.0
2022_27,Illinois,25.0,0.0
2022_28,Illinois,27.0,0.0
2022_29,Illinois,30.0,0.0
2022_30,Illinois,29.0,0.0
2022_31,Illinois,19.0,0.0
2022_32,Illinois,19.0,0.0
2022_33,Illinois,24.0,0.0
2022_34,Illinois,15.0,0.0
2022_35,Illinois,27.0,0.0
2022_36,Illinois,29.0,0.0
2022_37,Illinois,29.0,0.0
2022_38,Illinois,25.0,0.0
2022_39,Illinois,43.0,0.0
2022_40,Illinois,25.0,0.0
2022_41,Illinois,31.0,0.0
2022_42,Illinois,22.0,0.0
2022_43,Illinois,33.0,0.0
2022_44,Illinois,24.0,0.0
2022_45,Illinois,21.0,0.0
2022_46,Illinois,21.0,0.0
2022_47,Illinois,24.0,0.0
2022_48,Illinois,26.0,0.0
2022_49,Illinois,17.0,0.0
2022_50,Illinois,26.0,0.0
2022_51,Illinois,24.0,0.0
2022_52,Illinois,19.0,0.0
2023_01,Illinois,0.0,26.53268518518518
2023_02,Illinois,0.0,20.46435185185185
2023_03,Illinois,0.0,21.64554232804233
2023_04,Illinois,0.0,21.26462962962962
2023_05,Illinois,0.0,23.86796296296296
2023_06,Illinois,0.0,24.45542328042328
2023_07,Illinois,0.0,22.589589947089948
2023_08,Illinois,0.0,24.146970899470897
2022_10,Idaho,4.0,0.0
2022_11,Idaho,2.0,0.0
2022_12,Idaho,4.0,0.0
2022_13,Idaho,3.0,0.0
2022_14,Idaho,3.0,0.0
2022_15,Idaho,3.0,0.0
2022_16,Idaho,5.0,0.0
2022_17,Idaho,4.0,0.0
2022_18,Idaho,2.0,0.0
2022_20,Idaho,2.0,0.0
2022_21,Idaho,3.0,0.0
2022_22,Idaho,3.0,0.0
2022_23,Idaho,6.0,0.0
2022_24,Idaho,3.0,0.0
2022_25,Idaho,8.0,0.0
2022_26,Idaho,3.0,0.0
2022_27,Idaho,10.0,0.0
2022_28,Idaho,9.0,0.0
2022_29,Idaho,9.0,0.0
2022_30,Idaho,6.0,0.0
2022_31,Idaho,7.0,0.0
2022_32,Idaho,6.0,0.0
2022_33,Idaho,2.0,0.0
2022_34,Idaho,4.0,0.0
2022_35,Idaho,4.0,0.0
2022_36,Idaho,6.0,0.0
2022_37,Idaho,4.0,0.0
2022_38,Idaho,10.0,0.0
2022_39,Idaho,8.0,0.0
2022_40,Idaho,4.0,0.0
2022_41,Idaho,6.0,0.0
2022_42,Idaho,4.0,0.0
2022_43,Idaho,2.0,0.0
2022_44,Idaho,8.0,0.0
2022_45,Idaho,2.0,0.0
2022_46,Idaho,9.0,0.0
2022_47,Idaho,6.0,0.0
2022_48,Idaho,3.0,0.0
2022_49,Idaho,1.0,0.0
2022_50,Idaho,2.0,0.0
2022_51,Idaho,2.0,0.0
2022_52,Idaho,1.0,0.0
2023_01,Idaho,0.0,7.7853571428571415
2023_02,Idaho,0.0,6.339722222222222
2023_03,Idaho,0.0,6.83876984126984
2023_04,Idaho,0.0,6.312341269841269
2023_05,Idaho,0.0,6.7132539682539685
2023_06,Idaho,0.0,6.407460317460318
2023_07,Idaho,0.0,6.919563492063491
2023_08,Idaho,0.0,6.617341269841268
2022_08,Hawaii,5.0,0.0
2022_09,Hawaii,2.0,0.0
2022_10,Hawaii,2.0,0.0
2022_11,Hawaii,3.0,0.0
2022_12,Hawaii,1.0,0.0
2022_13,Hawaii,3.0,0.0
2022_15,Hawaii,2.0,0.0
2022_16,Hawaii,4.0,0.0
2022_18,Hawaii,1.0,0.0
2022_19,Hawaii,2.0,0.0
2022_20,Hawaii,3.0,0.0
2022_21,Hawaii,4.0,0.0
2022_22,Hawaii,1.0,0.0
2022_24,Hawaii,6.0,0.0
2022_27,Hawaii,2.0,0.0
2022_28,Hawaii,3.0,0.0
2022_29,Hawaii,2.0,0.0
2022_30,Hawaii,2.0,0.0
2022_31,Hawaii,4.0,0.0
2022_33,Hawaii,1.0,0.0
2022_34,Hawaii,5.0,0.0
2022_35,Hawaii,2.0,0.0
2022_36,Hawaii,1.0,0.0
2022_37,Hawaii,2.0,0.0
2022_38,Hawaii,1.0,0.0
2022_39,Hawaii,2.0,0.0
2022_41,Hawaii,2.0,0.0
2022_43,Hawaii,1.0,0.0
2022_44,Hawaii,6.0,0.0
2022_45,Hawaii,4.0,0.0
2022_46,Hawaii,1.0,0.0
2022_47,Hawaii,5.0,0.0
2022_48,Hawaii,1.0,0.0
2022_49,Hawaii,1.0,0.0
2022_50,Hawaii,3.0,0.0
2022_51,Hawaii,1.0,0.0
2022_52,Hawaii,1.0,0.0
2023_01,Hawaii,0.0,4.171428571428572
2023_02,Hawaii,0.0,5.401666666666666
2023_03,Hawaii,0.0,4.651428571428571
2023_04,Hawaii,0.0,4.9720634920634925
2023_05,Hawaii,0.0,4.5564285714285715
2023_06,Hawaii,0.0,4.115396825396825
2023_07,Hawaii,0.0,4.480873015873017
2023_08,Hawaii,0.0,4.687142857142858
2022_08,Georgia,47.0,0.0
2022_09,Georgia,51.0,0.0
2022_10,Georgia,31.0,0.0
2022_11,Georgia,41.0,0.0
2022_12,Georgia,39.0,0.0
2022_13,Georgia,29.0,0.0
2022_14,Georgia,22.0,0.0
2022_15,Georgia,30.0,0.0
2022_16,Georgia,34.0,0.0
2022_17,Georgia,38.0,0.0
2022_18,Georgia,26.0,0.0
2022_19,Georgia,39.0,0.0
2022_20,Georgia,33.0,0.0
2022_21,Georgia,26.0,0.0
2022_22,Georgia,31.0,0.0
2022_23,Georgia,40.0,0.0
2022_24,Georgia,27.0,0.0
2022_25,Georgia,40.0,0.0
2022_26,Georgia,37.0,0.0
2022_27,Georgia,42.0,0.0
2022_28,Georgia,33.0,0.0
2022_29,Georgia,33.0,0.0
2022_30,Georgia,38.0,0.0
2022_31,Georgia,32.0,0.0
2022_32,Georgia,21.0,0.0
2022_33,Georgia,29.0,0.0
2022_34,Georgia,32.0,0.0
2022_35,Georgia,27.0,0.0
2022_36,Georgia,36.0,0.0
2022_37,Georgia,39.0,0.0
2022_38,Georgia,35.0,0.0
2022_39,Georgia,35.0,0.0
2022_40,Georgia,58.0,0.0
2022_41,Georgia,47.0,0.0
2022_42,Georgia,30.0,0.0
2022_43,Georgia,42.0,0.0
2022_44,Georgia,48.0,0.0
2022_45,Georgia,25.0,0.0
2022_46,Georgia,27.0,0.0
2022_47,Georgia,27.0,0.0
2022_48,Georgia,28.0,0.0
2022_49,Georgia,39.0,0.0
2022_50,Georgia,36.0,0.0
2022_51,Georgia,27.0,0.0
2022_52,Georgia,30.0,0.0
2023_01,Georgia,0.0,28.3031746031746
2023_02,Georgia,0.0,27.8656746031746
2023_03,Georgia,0.0,26.91845238095238
2023_04,Georgia,0.0,27.866111111111106
2023_05,Georgia,0.0,26.914484126984128
2023_06,Georgia,0.0,27.454761904761902
2023_07,Georgia,0.0,26.86031746031746
2023_08,Georgia,0.0,24.88142857142857
2022_08,Florida,81.0,0.0
2022_09,Florida,96.0,0.0
2022_10,Florida,83.0,0.0
2022_11,Florida,73.0,0.0
2022_12,Florida,71.0,0.0
2022_13,Florida,83.0,0.0
2022_14,Florida,69.0,0.0
2022_15,Florida,80.0,0.0
2022_16,Florida,74.0,0.0
2022_17,Florida,63.0,0.0
2022_18,Florida,61.0,0.0
2022_19,Florida,65.0,0.0
2022_20,Florida,61.0,0.0
2022_21,Florida,80.0,0.0
2022_22,Florida,55.0,0.0
2022_23,Florida,64.0,0.0
2022_24,Florida,65.0,0.0
2022_25,Florida,52.0,0.0
2022_26,Florida,44.0,0.0
2022_27,Florida,48.0,0.0
2022_28,Florida,64.0,0.0
2022_29,Florida,75.0,0.0
2022_30,Florida,56.0,0.0
2022_31,Florida,61.0,0.0
2022_32,Florida,64.0,0.0
2022_33,Florida,57.0,0.0
2022_34,Florida,67.0,0.0
2022_35,Florida,67.0,0.0
2022_36,Florida,62.0,0.0
2022_37,Florida,59.0,0.0
2022_38,Florida,59.0,0.0
2022_39,Florida,53.0,0.0
2022_40,Florida,52.0,0.0
2022_41,Florida,51.0,0.0
2022_42,Florida,68.0,0.0
2022_43,Florida,83.0,0.0
2022_44,Florida,81.0,0.0
2022_45,Florida,53.0,0.0
2022_46,Florida,61.0,0.0
2022_47,Florida,80.0,0.0
2022_48,Florida,66.0,0.0
2022_49,Florida,75.0,0.0
2022_50,Florida,77.0,0.0
2022_51,Florida,63.0,0.0
2022_52,Florida,81.0,0.0
2023_01,Florida,0.0,55.89
2023_02,Florida,0.0,60.42087301587303
2023_03,Florida,0.0,59.00083333333334
2023_04,Florida,0.0,58.84435185185186
2023_05,Florida,0.0,57.29578042328044
2023_06,Florida,0.0,57.49911375661377
2023_07,Florida,0.0,56.83046296296297
2023_08,Florida,0.0,56.91805555555555
2022_28,District of Columbia,1.0,0.0
2022_29,District of Columbia,1.0,0.0
2022_31,District of Columbia,1.0,0.0
2022_35,District of Columbia,2.0,0.0
2022_38,District of Columbia,1.0,0.0
2022_40,District of Columbia,1.0,0.0
2022_47,District of Columbia,3.0,0.0
2022_48,District of Columbia,1.0,0.0
2022_49,District of Columbia,2.0,0.0
2022_50,District of Columbia,1.0,0.0
2022_52,District of Columbia,1.0,0.0
2023_01,District of Columbia,0.0,7.501031746031745
2023_02,District of Columbia,0.0,7.8513095238095225
2023_03,District of Columbia,0.0,7.616230158730158
2023_04,District of Columbia,0.0,7.499563492063491
2023_05,District of Columbia,0.0,7.694007936507935
2023_06,District of Columbia,0.0,7.8856746031746034
2023_07,District of Columbia,0.0,7.296547619047619
2023_08,District of Columbia,0.0,7.3207539682539675
2022_08,Delaware,5.0,0.0
2022_09,Delaware,1.0,0.0
2022_10,Delaware,2.0,0.0
2022_11,Delaware,3.0,0.0
2022_12,Delaware,2.0,0.0
2022_13,Delaware,2.0,0.0
2022_15,Delaware,2.0,0.0
2022_17,Delaware,5.0,0.0
2022_18,Delaware,3.0,0.0
2022_19,Delaware,5.0,0.0
2022_20,Delaware,1.0,0.0
2022_21,Delaware,4.0,0.0
2022_22,Delaware,6.0,0.0
2022_23,Delaware,1.0,0.0
2022_24,Delaware,4.0,0.0
2022_25,Delaware,2.0,0.0
2022_26,Delaware,2.0,0.0
2022_28,Delaware,5.0,0.0
2022_29,Delaware,2.0,0.0
2022_30,Delaware,2.0,0.0
2022_32,Delaware,3.0,0.0
2022_33,Delaware,2.0,0.0
2022_34,Delaware,4.0,0.0
2022_35,Delaware,6.0,0.0
2022_36,Delaware,4.0,0.0
2022_37,Delaware,3.0,0.0
2022_38,Delaware,3.0,0.0
2022_39,Delaware,3.0,0.0
2022_40,Delaware,1.0,0.0
2022_41,Delaware,4.0,0.0
2022_42,Delaware,7.0,0.0
2022_43,Delaware,2.0,0.0
2022_44,Delaware,5.0,0.0
2022_45,Delaware,3.0,0.0
2022_46,Delaware,1.0,0.0
2022_47,Delaware,2.0,0.0
2022_48,Delaware,7.0,0.0
2022_49,Delaware,5.0,0.0
2022_50,Delaware,5.0,0.0
2022_51,Delaware,6.0,0.0
2022_52,Delaware,3.0,0.0
2023_01,Delaware,0.0,8.683333333333334
2023_02,Delaware,0.0,6.515634920634921
2023_03,Delaware,0.0,8.183015873015872
2023_04,Delaware,0.0,8.820925925925927
2023_05,Delaware,0.0,9.116798941798942
2023_06,Delaware,0.0,8.598465608465608
2023_07,Delaware,0.0,8.490925925925927
2023_08,Delaware,0.0,8.382592592592593
2022_17,Connecticut,7.0,0.0
2022_19,Connecticut,4.0,0.0
2022_21,Connecticut,10.0,0.0
2022_22,Connecticut,13.0,0.0
2022_23,Connecticut,11.0,0.0
2022_24,Connecticut,9.0,0.0
2022_26,Connecticut,14.0,0.0
2022_27,Connecticut,5.0,0.0
2022_28,Connecticut,4.0,0.0
2022_29,Connecticut,8.0,0.0
2022_30,Connecticut,10.0,0.0
2022_32,Connecticut,5.0,0.0
2022_34,Connecticut,4.0,0.0
2022_37,Connecticut,9.0,0.0
2022_38,Connecticut,12.0,0.0
2022_39,Connecticut,6.0,0.0
2022_40,Connecticut,5.0,0.0
2022_41,Connecticut,4.0,0.0
2022_42,Connecticut,6.0,0.0
2022_43,Connecticut,10.0,0.0
2022_44,Connecticut,15.0,0.0
2022_45,Connecticut,9.0,0.0
2022_48,Connecticut,9.0,0.0
2022_49,Connecticut,2.0,0.0
2022_50,Connecticut,6.0,0.0
2022_51,Connecticut,0.0,9.030555555555557
2022_52,Connecticut,0.0,9.149444444444443
2023_01,Connecticut,0.0,8.448611111111113
2023_02,Connecticut,0.0,9.207539682539682
2023_03,Connecticut,0.0,8.73175925925926
2023_04,Connecticut,0.0,9.400925925925925
2023_05,Connecticut,0.0,9.3225
2023_06,Connecticut,0.0,9.319166666666668
2022_08,Colorado,12.0,0.0
2022_09,Colorado,11.0,0.0
2022_10,Colorado,9.0,0.0
2022_11,Colorado,7.0,0.0
2022_12,Colorado,13.0,0.0
2022_13,Colorado,22.0,0.0
2022_14,Colorado,15.0,0.0
2022_15,Colorado,10.0,0.0
2022_16,Colorado,13.0,0.0
2022_17,Colorado,14.0,0.0
2022_18,Colorado,13.0,0.0
2022_19,Colorado,13.0,0.0
2022_20,Colorado,17.0,0.0
2022_21,Colorado,11.0,0.0
2022_22,Colorado,14.0,0.0
2022_23,Colorado,19.0,0.0
2022_24,Colorado,28.0,0.0
2022_25,Colorado,16.0,0.0
2022_26,Colorado,17.0,0.0
2022_27,Colorado,8.0,0.0
2022_28,Colorado,14.0,0.0
2022_29,Colorado,19.0,0.0
2022_30,Colorado,13.0,0.0
2022_31,Colorado,19.0,0.0
2022_32,Colorado,20.0,0.0
2022_33,Colorado,19.0,0.0
2022_34,Colorado,14.0,0.0
2022_35,Colorado,22.0,0.0
2022_36,Colorado,18.0,0.0
2022_37,Colorado,24.0,0.0
2022_38,Colorado,22.0,0.0
2022_39,Colorado,17.0,0.0
2022_40,Colorado,13.0,0.0
2022_41,Colorado,20.0,0.0
2022_42,Colorado,24.0,0.0
2022_43,Colorado,21.0,0.0
2022_44,Colorado,10.0,0.0
2022_45,Colorado,16.0,0.0
2022_46,Colorado,18.0,0.0
2022_47,Colorado,11.0,0.0
2022_48,Colorado,9.0,0.0
2022_49,Colorado,13.0,0.0
2022_50,Colorado,10.0,0.0
2022_51,Colorado,12.0,0.0
2022_52,Colorado,8.0,0.0
2023_01,Colorado,0.0,15.51902116402116
2023_02,Colorado,0.0,14.232910052910052
2023_03,Colorado,0.0,14.925687830687828
2023_04,Colorado,0.0,14.097354497354496
2023_05,Colorado,0.0,14.488650793650795
2023_06,Colorado,0.0,15.46642857142857
2023_07,Colorado,0.0,14.01531746031746
2023_08,Colorado,0.0,14.684285714285714
2022_08,California,78.0,0.0
2022_09,California,96.0,0.0
2022_10,California,72.0,0.0
2022_11,California,92.0,0.0
2022_12,California,73.0,0.0
2022_13,California,70.0,0.0
2022_14,California,98.0,0.0
2022_15,California,80.0,0.0
2022_16,California,78.0,0.0
2022_17,California,80.0,0.0
2022_18,California,71.0,0.0
2022_19,California,96.0,0.0
2022_20,California,84.0,0.0
2022_21,California,75.0,0.0
2022_22,California,73.0,0.0
2022_23,California,76.0,0.0
2022_24,California,101.0,0.0
2022_25,California,93.0,0.0
2022_26,California,87.0,0.0
2022_27,California,69.0,0.0
2022_28,California,88.0,0.0
2022_29,California,76.0,0.0
2022_30,California,70.0,0.0
2022_31,California,102.0,0.0
2022_32,California,85.0,0.0
2022_33,California,90.0,0.0
2022_34,California,95.0,0.0
2022_35,California,87.0,0.0
2022_36,California,95.0,0.0
2022_37,California,78.0,0.0
2022_38,California,86.0,0.0
2022_39,California,93.0,0.0
2022_40,California,98.0,0.0
2022_41,California,100.0,0.0
2022_42,California,71.0,0.0
2022_43,California,99.0,0.0
2022_44,California,92.0,0.0
2022_45,California,74.0,0.0
2022_46,California,86.0,0.0
2022_47,California,96.0,0.0
2022_48,California,78.0,0.0
2022_49,California,79.0,0.0
2022_50,California,85.0,0.0
2022_51,California,67.0,0.0
2022_52,California,67.0,0.0
2023_01,California,0.0,55.040978835978834
2023_02,California,0.0,52.6674074074074
2023_03,California,0.0,57.74296296296298
2023_04,California,0.0,50.14431216931218
2023_05,California,0.0,44.531164021164024
2023_06,California,0.0,45.62055555555556
2023_07,California,0.0,49.86833333333335
2023_08,California,0.0,56.08962962962963
2022_08,Arkansas,10.0,0.0
2022_09,Arkansas,14.0,0.0
2022_10,Arkansas,9.0,0.0
2022_11,Arkansas,9.0,0.0
2022_12,Arkansas,5.0,0.0
2022_13,Arkansas,13.0,0.0
2022_14,Arkansas,15.0,0.0
2022_15,Arkansas,6.0,0.0
2022_16,Arkansas,6.0,0.0
2022_17,Arkansas,11.0,0.0
2022_18,Arkansas,15.0,0.0
2022_19,Arkansas,15.0,0.0
2022_20,Arkansas,13.0,0.0
2022_21,Arkansas,7.0,0.0
2022_22,Arkansas,14.0,0.0
2022_23,Arkansas,16.0,0.0
2022_24,Arkansas,11.0,0.0
2022_25,Arkansas,8.0,0.0
2022_26,Arkansas,15.0,0.0
2022_27,Arkansas,17.0,0.0
2022_28,Arkansas,8.0,0.0
2022_29,Arkansas,7.0,0.0
2022_30,Arkansas,18.0,0.0
2022_31,Arkansas,16.0,0.0
2022_32,Arkansas,19.0,0.0
2022_33,Arkansas,21.0,0.0
2022_34,Arkansas,18.0,0.0
2022_35,Arkansas,16.0,0.0
2022_36,Arkansas,12.0,0.0
2022_37,Arkansas,15.0,0.0
2022_38,Arkansas,13.0,0.0
2022_39,Arkansas,12.0,0.0
2022_40,Arkansas,26.0,0.0
2022_41,Arkansas,9.0,0.0
2022_42,Arkansas,9.0,0.0
2022_43,Arkansas,12.0,0.0
2022_44,Arkansas,18.0,0.0
2022_45,Arkansas,6.0,0.0
2022_46,Arkansas,11.0,0.0
2022_47,Arkansas,12.0,0.0
2022_48,Arkansas,19.0,0.0
2022_49,Arkansas,16.0,0.0
2022_50,Arkansas,11.0,0.0
2022_51,Arkansas,5.0,0.0
2022_52,Arkansas,15.0,0.0
2023_01,Arkansas,0.0,12.919722222222225
2023_02,Arkansas,0.0,12.55753367003367
2023_03,Arkansas,0.0,13.440833333333334
2023_04,Arkansas,0.0,12.55212962962963
2023_05,Arkansas,0.0,12.539113756613755
2023_06,Arkansas,0.0,12.207169312169315
2023_07,Arkansas,0.0,10.4960582010582
2023_08,Arkansas,0.0,11.991851851851854
2022_08,Arizona,15.0,0.0
2022_09,Arizona,29.0,0.0
2022_10,Arizona,25.0,0.0
2022_11,Arizona,36.0,0.0
2022_12,Arizona,30.0,0.0
2022_13,Arizona,29.0,0.0
2022_14,Arizona,25.0,0.0
2022_15,Arizona,29.0,0.0
2022_16,Arizona,32.0,0.0
2022_17,Arizona,30.0,0.0
2022_18,Arizona,18.0,0.0
2022_19,Arizona,22.0,0.0
2022_20,Arizona,30.0,0.0
2022_21,Arizona,17.0,0.0
2022_22,Arizona,26.0,0.0
2022_23,Arizona,16.0,0.0
2022_24,Arizona,21.0,0.0
2022_25,Arizona,17.0,0.0
2022_26,Arizona,29.0,0.0
2022_27,Arizona,21.0,0.0
2022_28,Arizona,14.0,0.0
2022_29,Arizona,25.0,0.0
2022_30,Arizona,24.0,0.0
2022_31,Arizona,28.0,0.0
2022_32,Arizona,31.0,0.0
2022_33,Arizona,23.0,0.0
2022_34,Arizona,12.0,0.0
2022_35,Arizona,29.0,0.0
2022_36,Arizona,10.0,0.0
2022_37,Arizona,28.0,0.0
2022_38,Arizona,29.0,0.0
2022_39,Arizona,21.0,0.0
2022_40,Arizona,23.0,0.0
2022_41,Arizona,29.0,0.0
2022_42,Arizona,34.0,0.0
2022_43,Arizona,33.0,0.0
2022_44,Arizona,27.0,0.0
2022_45,Arizona,34.0,0.0
2022_46,Arizona,37.0,0.0
2022_47,Arizona,28.0,0.0
2022_48,Arizona,28.0,0.0
2022_49,Arizona,32.0,0.0
2022_50,Arizona,21.0,0.0
2022_51,Arizona,19.0,0.0
2022_52,Arizona,21.0,0.0
2023_01,Arizona,0.0,23.057050264550263
2023_02,Arizona,0.0,19.971984126984125
2023_03,Arizona,0.0,19.7025
2023_04,Arizona,0.0,19.638809523809524
2023_05,Arizona,0.0,21.384563492063492
2023_06,Arizona,0.0,20.25503968253968
2023_07,Arizona,0.0,20.090119047619048
2023_08,Arizona,0.0,19.944563492063494
2022_16,Alaska,1.0,0.0
2022_17,Alaska,2.0,0.0
2022_19,Alaska,4.0,0.0
2022_20,Alaska,2.0,0.0
2022_21,Alaska,2.0,0.0
2022_22,Alaska,3.0,0.0
2022_23,Alaska,1.0,0.0
2022_24,Alaska,1.0,0.0
2022_26,Alaska,3.0,0.0
2022_27,Alaska,2.0,0.0
2022_28,Alaska,4.0,0.0
2022_29,Alaska,1.0,0.0
2022_30,Alaska,5.0,0.0
2022_31,Alaska,1.0,0.0
2022_32,Alaska,2.0,0.0
2022_33,Alaska,4.0,0.0
2022_34,Alaska,3.0,0.0
2022_35,Alaska,2.0,0.0
2022_36,Alaska,1.0,0.0
2022_37,Alaska,1.0,0.0
2022_40,Alaska,2.0,0.0
2022_41,Alaska,1.0,0.0
2022_42,Alaska,2.0,0.0
2022_43,Alaska,2.0,0.0
2022_44,Alaska,2.0,0.0
2022_45,Alaska,2.0,0.0
2022_47,Alaska,1.0,0.0
2022_48,Alaska,1.0,0.0
2022_49,Alaska,2.0,0.0
2022_50,Alaska,3.0,0.0
2022_51,Alaska,3.0,0.0
2022_52,Alaska,1.0,0.0
2023_01,Alaska,0.0,7.003902116402117
2023_02,Alaska,0.0,6.514179894179894
2023_03,Alaska,0.0,7.542632275132276
2023_04,Alaska,0.0,7.3212698412698405
2023_05,Alaska,0.0,6.927301587301588
2023_06,Alaska,0.0,7.006746031746032
2023_07,Alaska,0.0,6.866333943833944
2023_08,Alaska,0.0,7.892696377696378
2022_08,Alabama,24.0,0.0
2022_09,Alabama,15.0,0.0
2022_10,Alabama,16.0,0.0
2022_11,Alabama,17.0,0.0
2022_12,Alabama,14.0,0.0
2022_13,Alabama,18.0,0.0
2022_14,Alabama,20.0,0.0
2022_15,Alabama,17.0,0.0
2022_16,Alabama,18.0,0.0
2022_17,Alabama,23.0,0.0
2022_18,Alabama,24.0,0.0
2022_19,Alabama,20.0,0.0
2022_20,Alabama,31.0,0.0
2022_21,Alabama,26.0,0.0
2022_22,Alabama,16.0,0.0
2022_23,Alabama,19.0,0.0
2022_24,Alabama,18.0,0.0
2022_25,Alabama,22.0,0.0
2022_26,Alabama,24.0,0.0
2022_27,Alabama,21.0,0.0
2022_28,Alabama,14.0,0.0
2022_29,Alabama,17.0,0.0
2022_30,Alabama,18.0,0.0
2022_31,Alabama,25.0,0.0
2022_32,Alabama,18.0,0.0
2022_33,Alabama,12.0,0.0
2022_34,Alabama,12.0,0.0
2022_35,Alabama,27.0,0.0
2022_36,Alabama,21.0,0.0
2022_37,Alabama,24.0,0.0
2022_38,Alabama,23.0,0.0
2022_39,Alabama,14.0,0.0
2022_40,Alabama,22.0,0.0
2022_41,Alabama,23.0,0.0
2022_42,Alabama,18.0,0.0
2022_43,Alabama,19.0,0.0
2022_44,Alabama,27.0,0.0
2022_45,Alabama,20.0,0.0
2022_46,Alabama,28.0,0.0
2022_47,Alabama,17.0,0.0
2022_48,Alabama,17.0,0.0
2022_49,Alabama,11.0,0.0
2022_50,Alabama,12.0,0.0
2022_51,Alabama,20.0,0.0
2022_52,Alabama,14.0,0.0
2023_01,Alabama,0.0,18.09592592592593
2023_02,Alabama,0.0,16.991481481481483
2023_03,Alabama,0.0,17.162116402116403
2023_04,Alabama,0.0,15.298227513227515
2023_05,Alabama,0.0,16.488703703703703
2023_06,Alabama,0.0,16.18888888888889
2023_07,Alabama,0.0,15.875555555555556
2023_08,Alabama,0.0,15.873253968253968
